,latitude,longitude,brightness,scan,track,acq_date,acq_time,satellite,instrument,confidence,version,bright_t31,frp,daynight
8259,-19.821,144.455,332.0,1.0,1.0,2020-01-03,40,Terra,MODIS,81,6.0NRT,308.2,13.4,D
3043,-32.292,123.422,331.0,1.0,1.0,2020-01-01,1435,Terra,MODIS,100,6.0NRT,298.5,26.8,N
18187,-35.84,147.614,347.7,1.2,1.1,2020-01-04,1505,Aqua,MODIS,100,6.0NRT,274.6,74.9,N
5823,-32.782,124.179,340.6,1.3,1.1,2020-01-02,555,Aqua,MODIS,82,6.0NRT,313.1,31.9,D
16289,-34.735,150.227,337.2,2.8,1.6,2020-01-04,1325,Terra,MODIS,80,6.0NRT,290.2,160.0,N
33793,-35.853,148.901,306.6,1.8,1.3,2020-01-29,1320,Terra,MODIS,69,6.0NRT,289.4,19.1,N
33425,-36.092,150.113,324.3,1.0,1.0,2020-01-29,355,Aqua,MODIS,53,6.0NRT,298.3,15.4,D
9807,-34.305,150.261,308.6,1.0,1.0,2020-01-03,1245,Terra,MODIS,75,6.0NRT,293.6,7.8,N
25251,-37.371,149.442,321.5,1.1,1.0,2020-01-11,410,Aqua,MODIS,56,6.0NRT,296.8,13.8,D
25813,-35.48,148.438,335.5,1.0,1.0,2020-01-11,410,Aqua,MODIS,55,6.0NRT,296.5,31.2,D
16800,-37.124,149.801,345.1,2.3,1.5,2020-01-04,1325,Terra,MODIS,100,6.0NRT,276.2,0.0,N
8711,-22.169,146.911,353.1,3.1,1.7,2020-01-03,325,Aqua,MODIS,95,6.0NRT,310.1,255.0,D
30923,-17.937,137.842,331.9,4.3,1.9,2020-01-17,515,Aqua,MODIS,57,6.0NRT,308.2,92.3,D
2734,-35.633,148.222,333.8,1.0,1.0,2020-01-01,1255,Terra,MODIS,100,6.0NRT,294.7,33.0,N
10260,-37.602,148.989,325.8,1.2,1.1,2020-01-03,1245,Terra,MODIS,100,6.0NRT,296.1,29.2,N
19192,-37.309,149.198,322.5,1.0,1.0,2020-01-04,1505,Aqua,MODIS,100,6.0NRT,288.8,21.2,N
22382,-35.842,136.574,309.3,1.2,1.1,2020-01-07,1400,Terra,MODIS,77,6.0NRT,288.2,12.9,N
17580,-32.222,151.367,325.4,1.0,1.0,2020-01-04,1505,Aqua,MODIS,100,6.0NRT,302.2,20.2,N
14844,-35.706,149.857,353.1,1.0,1.0,2020-01-04,400,Aqua,MODIS,95,6.0NRT,323.0,43.6,D
1050,-29.065,128.281,353.6,1.0,1.0,2020-01-01,510,Aqua,MODIS,95,6.0NRT,323.7,43.5,D
5215,-35.939,147.905,359.1,1.1,1.0,2020-01-02,415,Aqua,MODIS,99,6.0NRT,308.2,87.5,D
12638,-37.155,148.397,479.1,1.0,1.0,2020-01-04,400,Aqua,MODIS,100,6.0NRT,341.9,1166.0,D
17006,-36.446,147.896,320.2,1.8,1.3,2020-01-04,1325,Terra,MODIS,100,6.0NRT,290.9,33.5,N
19084,-37.326,149.542,352.6,1.0,1.0,2020-01-04,1505,Aqua,MODIS,100,6.0NRT,295.2,67.7,N
4182,-31.121,132.719,397.2,1.5,1.2,2020-01-02,135,Terra,MODIS,100,6.0NRT,325.3,387.4,D
963,-31.256,121.101,373.4,2.9,1.6,2020-01-01,510,Aqua,MODIS,100,6.0NRT,313.1,506.8,D
972,-31.241,121.092,406.2,2.9,1.6,2020-01-01,510,Aqua,MODIS,100,6.0NRT,330.7,1256.0,D
13148,-37.095,147.048,385.6,1.1,1.0,2020-01-04,400,Aqua,MODIS,100,6.0NRT,302.1,178.9,D
24994,-18.222,144.116,314.8,1.1,1.0,2020-01-10,1255,Terra,MODIS,60,6.0NRT,297.4,9.8,N
20386,-32.679,150.048,323.6,1.3,1.1,2020-01-05,1235,Terra,MODIS,81,6.0NRT,288.1,28.4,N
16865,-37.131,149.528,345.7,2.2,1.4,2020-01-04,1325,Terra,MODIS,90,6.0NRT,270.7,174.7,N
24598,-19.823,144.32,353.7,1.0,1.0,2020-01-10,45,Terra,MODIS,96,6.0NRT,316.8,56.7,D
475,-32.682,150.87,343.8,1.4,1.2,2020-01-01,330,Aqua,MODIS,88,6.0NRT,307.0,59.4,D
14181,-36.054,149.752,504.1,1.0,1.0,2020-01-04,400,Aqua,MODIS,100,6.0NRT,400.1,1734.6,D
9254,-35.934,136.654,362.0,1.1,1.0,2020-01-03,500,Aqua,MODIS,92,6.0NRT,305.4,0.0,D
27330,-35.939,137.186,338.7,1.7,1.3,2020-01-13,120,Terra,MODIS,82,6.0NRT,310.7,62.5,D
26208,-35.887,148.864,319.0,1.0,1.0,2020-01-11,1510,Aqua,MODIS,98,6.0NRT,281.6,19.4,N
19052,-37.317,149.544,376.8,1.0,1.0,2020-01-04,1505,Aqua,MODIS,100,6.0NRT,297.0,142.4,N
30012,-26.6,150.099,304.5,1.3,1.1,2020-01-14,1230,Terra,MODIS,60,6.0NRT,287.4,6.7,N
10237,-37.61,149.099,320.2,1.2,1.1,2020-01-03,1245,Terra,MODIS,100,6.0NRT,290.0,22.8,N
21862,-29.436,152.074,316.5,4.4,1.9,2020-01-07,255,Aqua,MODIS,59,6.0NRT,296.6,66.8,D
29657,-37.419,148.383,318.4,2.3,1.5,2020-01-14,440,Aqua,MODIS,62,6.0NRT,297.5,31.2,D
3009,-32.312,123.47,313.9,1.0,1.0,2020-01-01,1435,Terra,MODIS,88,6.0NRT,296.3,10.1,N
10000,-31.42,152.089,314.3,1.0,1.0,2020-01-03,1245,Terra,MODIS,73,6.0NRT,294.0,11.0,N
13277,-36.982,147.287,352.1,1.0,1.0,2020-01-04,400,Aqua,MODIS,95,6.0NRT,313.1,53.0,D
8065,-28.732,128.845,331.5,1.3,1.1,2020-01-02,1655,Aqua,MODIS,100,6.0NRT,290.3,38.9,N
27045,-37.731,149.257,326.0,4.5,2.0,2020-01-12,1415,Aqua,MODIS,100,6.0NRT,284.3,226.5,N
28363,-18.326,145.406,326.8,1.0,1.0,2020-01-13,400,Aqua,MODIS,68,6.0NRT,298.8,11.4,D
12980,-37.03,148.094,419.6,1.0,1.0,2020-01-04,400,Aqua,MODIS,100,6.0NRT,327.0,381.7,D
29342,-35.9,149.761,324.6,1.4,1.2,2020-01-14,25,Terra,MODIS,64,6.0NRT,295.6,29.2,D
18403,-37.122,149.716,324.6,1.0,1.0,2020-01-04,1505,Aqua,MODIS,75,6.0NRT,282.3,17.7,N
7525,-37.518,149.391,379.1,1.1,1.0,2020-01-02,1520,Aqua,MODIS,100,6.0NRT,305.5,163.2,N
16382,-37.658,149.119,336.5,2.0,1.4,2020-01-04,1325,Terra,MODIS,91,6.0NRT,288.9,88.9,N
25710,-35.875,148.091,387.8,1.0,1.0,2020-01-11,410,Aqua,MODIS,100,6.0NRT,304.8,180.5,D
34249,-37.227,149.074,401.3,2.6,1.5,2020-01-30,440,Aqua,MODIS,100,6.0NRT,306.9,983.0,D
10876,-18.207,142.993,328.9,1.0,1.0,2020-01-03,1555,Aqua,MODIS,100,6.0NRT,296.7,25.6,N
30010,-28.338,148.324,323.4,1.8,1.3,2020-01-14,1230,Terra,MODIS,100,6.0NRT,295.9,48.4,N
2583,-35.938,148.213,323.7,1.0,1.0,2020-01-01,1255,Terra,MODIS,93,6.0NRT,289.3,21.3,N
34033,-35.843,148.882,360.5,1.3,1.1,2020-01-30,25,Terra,MODIS,100,6.0NRT,312.0,113.4,D
15700,-34.927,150.001,350.3,1.0,1.0,2020-01-04,405,Aqua,MODIS,93,6.0NRT,314.8,42.5,D
24966,-19.746,144.304,356.6,1.1,1.0,2020-01-10,1255,Terra,MODIS,100,6.0NRT,297.4,85.0,N
33394,-36.858,149.501,341.6,1.0,1.0,2020-01-29,355,Aqua,MODIS,89,6.0NRT,298.1,39.3,D
20237,-30.082,151.293,310.0,1.1,1.0,2020-01-05,1235,Terra,MODIS,79,6.0NRT,288.9,10.4,N
11991,-37.446,149.49,337.0,1.3,1.1,2020-01-03,2345,Terra,MODIS,86,6.0NRT,308.9,39.4,D
14264,-36.013,149.665,328.2,1.0,1.0,2020-01-04,400,Aqua,MODIS,73,6.0NRT,304.4,12.3,D
2813,-35.46,147.876,315.3,1.0,1.0,2020-01-01,1255,Terra,MODIS,68,6.0NRT,291.1,13.6,N
450,-34.973,150.098,337.5,1.7,1.3,2020-01-01,330,Aqua,MODIS,85,6.0NRT,300.3,65.1,D
23599,-36.644,146.593,321.2,1.0,1.0,2020-01-08,1305,Terra,MODIS,100,6.0NRT,292.8,18.2,N
11801,-37.032,148.311,340.3,1.5,1.2,2020-01-03,2345,Terra,MODIS,81,6.0NRT,309.7,61.8,D
25601,-36.346,147.779,331.0,1.0,1.0,2020-01-11,410,Aqua,MODIS,55,6.0NRT,297.0,19.7,D
9797,-34.353,150.328,328.6,1.0,1.0,2020-01-03,1245,Terra,MODIS,100,6.0NRT,296.3,25.5,N
6948,-36.131,147.926,304.5,1.0,1.0,2020-01-02,1515,Aqua,MODIS,58,6.0NRT,292.4,6.8,N
29816,-30.118,150.068,319.9,1.5,1.2,2020-01-14,1225,Terra,MODIS,99,6.0NRT,294.8,26.0,N
16957,-36.631,148.028,323.8,1.8,1.3,2020-01-04,1325,Terra,MODIS,81,6.0NRT,286.7,42.4,N
3271,-32.391,123.559,349.0,1.0,1.0,2020-01-01,1435,Terra,MODIS,100,6.0NRT,300.0,59.7,N
33325,-32.84,124.377,339.8,2.1,1.4,2020-01-29,120,Terra,MODIS,59,6.0NRT,317.1,55.6,D
6968,-36.486,149.917,317.9,1.1,1.0,2020-01-02,1515,Aqua,MODIS,96,6.0NRT,288.9,18.8,N
23376,-32.687,122.287,373.8,2.0,1.4,2020-01-08,520,Aqua,MODIS,75,6.0NRT,302.9,306.0,D
32810,-27.534,151.134,324.7,1.9,1.3,2020-01-27,410,Aqua,MODIS,69,6.0NRT,297.6,35.6,D
25591,-36.374,147.715,347.3,1.0,1.0,2020-01-11,410,Aqua,MODIS,92,6.0NRT,304.5,50.5,D
12583,-37.433,148.506,352.2,1.0,1.0,2020-01-04,400,Aqua,MODIS,96,6.0NRT,292.8,56.0,D
17597,-32.56,150.627,329.9,1.0,1.0,2020-01-04,1505,Aqua,MODIS,100,6.0NRT,300.8,24.4,N
17347,-29.26,152.184,305.7,1.0,1.0,2020-01-04,1505,Aqua,MODIS,65,6.0NRT,293.4,6.4,N
14795,-35.947,148.354,365.7,1.0,1.0,2020-01-04,400,Aqua,MODIS,100,6.0NRT,306.7,83.4,D
12309,-37.248,146.517,371.9,1.9,1.4,2020-01-03,2345,Terra,MODIS,100,6.0NRT,305.3,307.2,D
29497,-37.343,149.034,330.9,1.4,1.2,2020-01-14,25,Terra,MODIS,73,6.0NRT,296.6,37.4,D
23488,-32.453,122.994,346.6,1.8,1.3,2020-01-08,520,Aqua,MODIS,61,6.0NRT,316.8,64.9,D
31359,-27.412,147.907,340.4,1.1,1.1,2020-01-21,30,Terra,MODIS,83,6.0NRT,316.7,26.6,D
16524,-37.424,149.343,320.4,2.1,1.4,2020-01-04,1325,Terra,MODIS,100,6.0NRT,286.3,55.4,N
959,-31.63,119.735,332.9,3.6,1.8,2020-01-01,510,Aqua,MODIS,63,6.0NRT,314.4,83.5,D
16609,-37.23,149.683,323.6,2.2,1.4,2020-01-04,1325,Terra,MODIS,93,6.0NRT,274.7,0.0,N
31585,-31.999,149.064,324.1,1.8,1.3,2020-01-22,1315,Terra,MODIS,100,6.0NRT,298.0,45.9,N
18717,-37.193,149.515,354.8,1.0,1.0,2020-01-04,1505,Aqua,MODIS,100,6.0NRT,290.4,0.0,N
3350,-32.343,123.505,320.1,1.0,1.0,2020-01-01,1435,Terra,MODIS,100,6.0NRT,297.0,12.5,N
9120,-36.01,136.752,506.6,1.1,1.0,2020-01-03,500,Aqua,MODIS,100,6.0NRT,400.1,0.0,D
7461,-31.228,121.195,325.3,2.8,1.6,2020-01-02,1520,Terra,MODIS,100,6.0NRT,291.8,104.9,N
29219,-37.741,149.184,340.3,1.1,1.1,2020-01-13,1500,Aqua,MODIS,100,6.0NRT,294.0,49.0,N
21818,-31.848,121.469,355.4,1.0,1.0,2020-01-07,155,Terra,MODIS,96,6.0NRT,320.8,51.5,D
28719,-37.133,149.946,311.2,1.9,1.3,2020-01-13,1320,Terra,MODIS,51,6.0NRT,289.2,24.5,N
10334,-37.507,149.278,325.2,1.2,1.1,2020-01-03,1245,Terra,MODIS,100,6.0NRT,295.1,26.8,N
5248,-35.8,148.246,369.4,1.1,1.1,2020-01-02,415,Aqua,MODIS,100,6.0NRT,309.6,126.1,D
23949,-35.807,136.86,350.0,4.0,1.9,2020-01-09,145,Terra,MODIS,95,6.0NRT,313.7,313.6,D
13139,-37.065,147.286,341.9,1.0,1.0,2020-01-04,400,Aqua,MODIS,89,6.0NRT,303.4,32.3,D
10204,-37.693,148.638,317.3,1.2,1.1,2020-01-03,1245,Terra,MODIS,95,6.0NRT,292.4,19.6,N
25282,-37.276,149.751,329.4,1.1,1.0,2020-01-11,410,Aqua,MODIS,83,6.0NRT,299.4,25.4,D
7810,-37.775,148.892,313.9,1.0,1.0,2020-01-02,1520,Aqua,MODIS,80,6.0NRT,289.0,14.4,N
14189,-36.312,147.973,331.6,1.0,1.0,2020-01-04,400,Aqua,MODIS,51,6.0NRT,304.3,16.8,D
10859,-37.11,147.901,315.9,4.6,2.0,2020-01-03,1425,Aqua,MODIS,89,6.0NRT,293.0,137.3,N
24681,-34.996,150.011,360.5,2.1,1.4,2020-01-10,325,Aqua,MODIS,100,6.0NRT,310.4,211.6,D
10878,-18.21,143.013,313.4,1.0,1.0,2020-01-03,1555,Aqua,MODIS,87,6.0NRT,295.9,9.0,N
17721,-32.7,150.94,321.9,1.0,1.0,2020-01-04,1505,Aqua,MODIS,100,6.0NRT,296.9,15.0,N
32463,-34.791,150.073,353.0,2.1,1.4,2020-01-26,325,Aqua,MODIS,95,6.0NRT,307.4,160.0,D
17342,-31.911,121.392,317.2,1.8,1.3,2020-01-04,1505,Terra,MODIS,95,6.0NRT,290.6,36.3,N
16633,-37.218,149.678,345.7,2.2,1.4,2020-01-04,1325,Terra,MODIS,100,6.0NRT,280.0,0.0,N
23683,-35.558,148.414,338.8,1.0,1.0,2020-01-08,1305,Terra,MODIS,93,6.0NRT,296.5,40.9,N
24334,-25.451,149.177,341.1,2.5,1.5,2020-01-09,425,Aqua,MODIS,83,6.0NRT,310.8,101.3,D
4331,-32.464,123.17,349.8,1.3,1.1,2020-01-02,135,Terra,MODIS,78,6.0NRT,295.7,80.8,D
5597,-32.897,124.228,347.6,1.3,1.2,2020-01-02,555,Aqua,MODIS,90,6.0NRT,307.1,62.1,D
31331,-21.457,116.022,310.9,1.3,1.1,2020-01-20,1510,Terra,MODIS,76,6.0NRT,298.4,9.5,N
393,-35.664,148.168,330.2,2.3,1.5,2020-01-01,330,Aqua,MODIS,67,6.0NRT,301.3,67.8,D
12864,-37.044,148.261,373.6,1.0,1.0,2020-01-04,400,Aqua,MODIS,100,6.0NRT,302.9,105.4,D
2358,-36.6,148.196,306.1,1.0,1.0,2020-01-01,1255,Terra,MODIS,67,6.0NRT,287.4,8.7,N
5724,-32.929,123.709,422.9,1.3,1.1,2020-01-02,555,Aqua,MODIS,100,6.0NRT,310.3,571.7,D
21803,-33.234,122.202,343.5,1.0,1.0,2020-01-07,155,Terra,MODIS,87,6.0NRT,315.8,32.4,D
4762,-37.571,148.601,334.4,1.1,1.1,2020-01-02,415,Aqua,MODIS,51,6.0NRT,294.3,28.9,D
26914,-37.472,149.215,332.9,1.4,1.2,2020-01-12,1240,Terra,MODIS,95,6.0NRT,286.9,49.6,N
15034,-35.823,148.653,356.6,1.0,1.0,2020-01-04,400,Aqua,MODIS,97,6.0NRT,301.9,68.5,D
5419,-18.315,144.814,359.8,1.4,1.2,2020-01-02,420,Aqua,MODIS,99,6.0NRT,313.2,106.3,D
23672,-35.647,148.5,324.8,1.0,1.0,2020-01-08,1305,Terra,MODIS,100,6.0NRT,289.1,24.0,N
24151,-36.675,146.569,364.8,1.1,1.0,2020-01-09,420,Aqua,MODIS,100,6.0NRT,307.1,100.9,D
14409,-35.976,149.418,355.4,1.0,1.0,2020-01-04,400,Aqua,MODIS,97,6.0NRT,309.2,59.8,D
21377,-31.868,121.502,327.4,1.2,1.1,2020-01-06,1455,Terra,MODIS,100,6.0NRT,298.1,29.9,N
8306,-35.852,148.657,327.5,2.3,1.5,2020-01-03,40,Terra,MODIS,71,6.0NRT,300.5,65.2,D
2579,-35.924,148.313,318.7,1.0,1.0,2020-01-01,1255,Terra,MODIS,53,6.0NRT,291.2,16.6,N
9757,-34.948,149.985,338.8,1.0,1.0,2020-01-03,1245,Terra,MODIS,100,6.0NRT,297.4,41.7,N
17225,-32.741,150.091,310.6,3.1,1.7,2020-01-04,1330,Terra,MODIS,58,6.0NRT,298.2,34.6,N
25702,-35.882,148.099,422.1,1.0,1.0,2020-01-11,410,Aqua,MODIS,100,6.0NRT,318.8,411.0,D
11174,-31.493,151.238,333.5,1.4,1.2,2020-01-03,2345,Terra,MODIS,72,6.0NRT,303.8,33.8,D
3962,-34.897,150.109,325.0,1.0,1.0,2020-01-02,0,Terra,MODIS,60,6.0NRT,299.3,16.3,D
22082,-32.472,123.144,369.2,2.3,1.5,2020-01-07,615,Aqua,MODIS,100,6.0NRT,314.3,314.3,D
21146,-32.445,123.154,369.4,1.2,1.1,2020-01-06,530,Aqua,MODIS,100,6.0NRT,322.0,114.4,D
23685,-35.538,148.498,303.8,1.0,1.0,2020-01-08,1305,Terra,MODIS,57,6.0NRT,287.3,7.6,N
16594,-37.221,149.788,378.9,2.3,1.5,2020-01-04,1325,Terra,MODIS,100,6.0NRT,279.9,0.0,N
14522,-36.111,147.912,466.9,1.0,1.0,2020-01-04,400,Aqua,MODIS,100,6.0NRT,317.6,0.0,D
30034,-22.848,148.624,326.7,1.5,1.2,2020-01-14,1230,Terra,MODIS,100,6.0NRT,295.1,39.2,N
28497,-36.293,148.183,312.2,1.5,1.2,2020-01-13,1320,Terra,MODIS,84,6.0NRT,289.6,22.0,N
13840,-36.308,149.542,375.5,1.0,1.0,2020-01-04,400,Aqua,MODIS,100,6.0NRT,314.8,122.7,D
18526,-37.197,149.963,324.2,1.0,1.0,2020-01-04,1505,Aqua,MODIS,94,6.0NRT,277.7,0.0,N
31445,-34.464,150.886,317.2,1.2,1.1,2020-01-21,1235,Terra,MODIS,95,6.0NRT,292.4,19.4,N
28264,-37.225,149.551,362.4,1.0,1.0,2020-01-13,355,Aqua,MODIS,100,6.0NRT,299.5,87.0,D
19329,-37.332,149.125,329.8,1.0,1.0,2020-01-04,1505,Aqua,MODIS,100,6.0NRT,289.7,30.8,N
6299,-31.024,123.668,337.5,1.4,1.2,2020-01-02,555,Aqua,MODIS,61,6.0NRT,286.8,25.9,D
27216,-37.263,149.496,368.6,1.6,1.2,2020-01-12,2340,Terra,MODIS,100,6.0NRT,295.7,202.4,D
23724,-35.656,137.141,320.0,3.0,1.6,2020-01-08,1305,Terra,MODIS,99,6.0NRT,291.4,86.4,N
22809,-35.866,136.612,388.9,1.0,1.0,2020-01-08,100,Terra,MODIS,100,6.0NRT,321.5,171.7,D
6626,-35.829,148.659,304.6,3.2,1.7,2020-01-02,1340,Terra,MODIS,61,6.0NRT,284.8,49.6,N
25466,-37.049,149.383,384.6,1.1,1.0,2020-01-11,410,Aqua,MODIS,100,6.0NRT,300.6,182.5,D
27333,-37.762,148.883,337.9,1.1,1.0,2020-01-13,355,Aqua,MODIS,88,6.0NRT,298.7,37.9,D
28189,-37.712,149.265,333.3,1.0,1.0,2020-01-13,355,Aqua,MODIS,85,6.0NRT,296.8,29.3,D
5709,-32.95,123.644,362.1,1.3,1.1,2020-01-02,555,Aqua,MODIS,100,6.0NRT,323.0,79.7,D
15870,-34.347,150.043,353.1,1.1,1.0,2020-01-04,405,Aqua,MODIS,87,6.0NRT,312.5,46.7,D
20012,-33.183,150.121,320.7,4.0,1.9,2020-01-05,310,Aqua,MODIS,62,6.0NRT,304.4,56.6,D
6568,-27.977,128.442,340.4,3.2,1.7,2020-01-02,555,Aqua,MODIS,65,6.0NRT,308.3,118.8,D
672,-32.563,150.28,338.5,1.5,1.2,2020-01-01,335,Aqua,MODIS,76,6.0NRT,310.6,40.0,D
31909,-36.38,149.985,325.1,1.4,1.2,2020-01-24,340,Aqua,MODIS,68,6.0NRT,294.0,25.8,D
30038,-22.493,148.435,304.7,1.5,1.2,2020-01-14,1230,Terra,MODIS,51,6.0NRT,294.3,6.8,N
533,-34.326,150.347,341.7,1.6,1.2,2020-01-01,330,Aqua,MODIS,85,6.0NRT,300.0,70.1,D
9139,-35.974,136.855,359.9,1.1,1.0,2020-01-03,500,Aqua,MODIS,87,6.0NRT,299.5,76.4,D
34477,-36.986,149.442,313.7,1.9,1.4,2020-01-30,1225,Terra,MODIS,84,6.0NRT,293.7,28.2,N
6391,-30.9,123.545,386.1,1.3,1.1,2020-01-02,555,Aqua,MODIS,100,6.0NRT,318.8,239.7,D
27253,-37.408,149.226,373.2,1.6,1.3,2020-01-12,2340,Terra,MODIS,100,6.0NRT,297.7,255.2,D
29334,-35.734,148.604,337.7,1.2,1.1,2020-01-14,25,Terra,MODIS,86,6.0NRT,303.2,39.3,D
9994,-31.6,152.061,320.3,1.0,1.0,2020-01-03,1245,Terra,MODIS,100,6.0NRT,296.1,16.4,N
27975,-36.085,149.493,324.7,1.0,1.0,2020-01-13,355,Aqua,MODIS,54,6.0NRT,300.5,13.2,D
11981,-37.037,147.413,475.6,1.7,1.3,2020-01-03,2345,Terra,MODIS,100,6.0NRT,307.7,2446.8,D
18666,-37.188,149.6,338.8,1.0,1.0,2020-01-04,1505,Aqua,MODIS,100,6.0NRT,281.1,0.0,N
32067,-37.42,149.264,321.4,1.0,1.0,2020-01-25,5,Terra,MODIS,67,6.0NRT,294.1,14.7,D
12085,-37.517,149.372,382.4,1.3,1.1,2020-01-03,2345,Terra,MODIS,100,6.0NRT,308.2,231.9,D
25207,-37.476,149.238,353.6,1.0,1.0,2020-01-11,410,Aqua,MODIS,71,6.0NRT,293.4,62.1,D
23696,-35.541,148.357,319.0,1.0,1.0,2020-01-08,1305,Terra,MODIS,78,6.0NRT,289.5,16.3,N
16044,-32.237,151.356,340.6,1.3,1.1,2020-01-04,405,Aqua,MODIS,67,6.0NRT,316.0,28.7,D
27509,-37.34,149.918,371.4,1.0,1.0,2020-01-13,355,Aqua,MODIS,100,6.0NRT,305.2,114.5,D
8236,-37.093,148.118,326.9,2.2,1.4,2020-01-03,40,Terra,MODIS,80,6.0NRT,299.7,65.4,D
8019,-37.38,148.962,308.4,1.0,1.0,2020-01-02,1520,Aqua,MODIS,60,6.0NRT,287.6,10.0,N
13515,-36.91,146.791,369.5,1.1,1.0,2020-01-04,400,Aqua,MODIS,100,6.0NRT,314.2,113.8,D
23747,-19.841,144.327,315.0,1.0,1.0,2020-01-08,1305,Terra,MODIS,90,6.0NRT,293.1,11.6,N
23666,-35.654,148.514,318.4,1.0,1.0,2020-01-08,1305,Terra,MODIS,62,6.0NRT,288.1,17.6,N
16390,-37.647,148.926,318.2,2.0,1.4,2020-01-04,1325,Terra,MODIS,64,6.0NRT,286.1,41.3,N
33409,-36.738,149.364,330.2,1.0,1.0,2020-01-29,355,Aqua,MODIS,69,6.0NRT,302.6,18.5,D
17292,-29.08,150.822,317.6,4.2,1.9,2020-01-04,1330,Terra,MODIS,95,6.0NRT,296.4,101.4,N
23596,-36.652,146.589,358.1,1.0,1.0,2020-01-08,1305,Terra,MODIS,100,6.0NRT,299.3,80.5,N
18508,-37.133,149.554,372.7,1.0,1.0,2020-01-04,1505,Aqua,MODIS,100,6.0NRT,280.2,0.0,N
24192,-36.282,147.683,377.7,1.2,1.1,2020-01-09,420,Aqua,MODIS,100,6.0NRT,307.3,175.3,D
21028,-32.846,124.104,351.0,1.1,1.0,2020-01-06,530,Aqua,MODIS,93,6.0NRT,319.4,51.0,D
7743,-37.67,148.726,318.0,1.0,1.0,2020-01-02,1520,Aqua,MODIS,53,6.0NRT,289.8,15.3,N
597,-36.423,147.739,314.9,2.5,1.5,2020-01-01,330,Aqua,MODIS,56,6.0NRT,297.0,42.1,D
33450,-36.026,149.34,365.0,1.0,1.0,2020-01-29,355,Aqua,MODIS,100,6.0NRT,310.5,87.1,D
987,-30.961,123.593,358.0,1.9,1.4,2020-01-01,510,Aqua,MODIS,98,6.0NRT,315.6,163.2,D
14421,-35.974,149.371,402.6,1.0,1.0,2020-01-04,400,Aqua,MODIS,100,6.0NRT,326.1,251.9,D
11092,-37.568,147.549,364.0,1.7,1.3,2020-01-03,2345,Terra,MODIS,100,6.0NRT,312.4,175.0,D
1776,-37.529,149.309,345.7,1.0,1.0,2020-01-01,1255,Terra,MODIS,100,6.0NRT,289.7,54.6,N
28536,-37.337,147.649,309.0,1.4,1.2,2020-01-13,1320,Terra,MODIS,76,6.0NRT,286.4,16.5,N
1604,-37.745,148.221,329.4,1.0,1.0,2020-01-01,1255,Terra,MODIS,70,6.0NRT,288.3,28.6,N
1305,-25.095,128.912,349.7,1.0,1.0,2020-01-01,515,Aqua,MODIS,82,6.0NRT,316.0,33.2,D
20653,-32.585,122.25,318.6,3.7,1.8,2020-01-06,115,Terra,MODIS,54,6.0NRT,304.3,46.5,D
2637,-35.925,147.499,323.4,1.0,1.0,2020-01-01,1255,Terra,MODIS,96,6.0NRT,295.0,20.6,N
6781,-36.656,147.876,306.1,2.8,1.6,2020-01-02,1340,Terra,MODIS,67,6.0NRT,286.0,40.4,N
31429,-33.167,115.736,345.0,1.2,1.1,2020-01-21,625,Aqua,MODIS,91,6.0NRT,308.5,53.0,D
7971,-37.38,149.161,325.6,1.0,1.0,2020-01-02,1520,Aqua,MODIS,100,6.0NRT,287.5,26.4,N
17323,-19.811,143.705,310.6,4.8,2.0,2020-01-04,1500,Aqua,MODIS,80,6.0NRT,292.1,86.5,N
1109,-27.994,131.477,355.8,1.1,1.0,2020-01-01,510,Aqua,MODIS,97,6.0NRT,328.7,45.4,D
32051,-31.328,146.319,375.7,1.4,1.2,2020-01-25,5,Terra,MODIS,100,6.0NRT,310.1,196.1,D
4751,-37.706,148.104,331.5,1.1,1.0,2020-01-02,415,Aqua,MODIS,80,6.0NRT,298.9,25.8,D
9755,-34.941,150.112,313.0,1.0,1.0,2020-01-03,1245,Terra,MODIS,69,6.0NRT,295.5,10.5,N
8244,-37.065,147.3,359.5,2.0,1.4,2020-01-03,40,Terra,MODIS,99,6.0NRT,301.6,214.8,D
31764,-26.653,150.692,306.7,1.5,1.2,2020-01-23,1220,Terra,MODIS,69,6.0NRT,292.9,10.0,N
5021,-36.453,147.794,322.8,1.1,1.0,2020-01-02,415,Aqua,MODIS,70,6.0NRT,299.7,17.9,D
8830,-42.59,146.985,322.1,2.5,1.5,2020-01-03,455,Aqua,MODIS,62,6.0NRT,297.0,49.9,D
48,-21.376,140.691,347.6,1.0,1.0,2020-01-01,50,Terra,MODIS,86,6.0NRT,311.3,33.2,D
17734,-32.632,150.221,309.2,1.1,1.0,2020-01-04,1505,Aqua,MODIS,61,6.0NRT,297.0,5.8,N
18196,-35.838,147.543,339.5,1.2,1.1,2020-01-04,1505,Aqua,MODIS,84,6.0NRT,295.0,50.9,N
28254,-37.293,149.112,363.1,1.0,1.0,2020-01-13,355,Aqua,MODIS,100,6.0NRT,304.4,92.4,D
3316,-32.362,123.509,324.3,1.0,1.0,2020-01-01,1435,Terra,MODIS,100,6.0NRT,296.4,19.1,N
28360,-18.335,145.408,342.9,1.0,1.0,2020-01-13,400,Aqua,MODIS,91,6.0NRT,300.1,35.2,D
11526,-35.922,149.367,347.7,1.4,1.2,2020-01-03,2345,Terra,MODIS,92,6.0NRT,313.2,65.3,D
15178,-35.75,148.322,414.6,1.0,1.0,2020-01-04,400,Aqua,MODIS,75,6.0NRT,306.8,336.6,D
21797,-33.224,122.259,340.0,1.0,1.0,2020-01-07,155,Terra,MODIS,73,6.0NRT,318.4,18.6,D
24672,-35.285,149.925,371.2,2.2,1.4,2020-01-10,325,Aqua,MODIS,100,6.0NRT,317.8,314.9,D
27623,-37.313,149.504,341.5,1.0,1.0,2020-01-13,355,Aqua,MODIS,71,6.0NRT,294.1,38.0,D
19873,-30.086,151.309,328.5,1.9,1.3,2020-01-05,30,Terra,MODIS,61,6.0NRT,306.4,34.4,D
5169,-36.075,147.571,333.4,1.1,1.0,2020-01-02,415,Aqua,MODIS,54,6.0NRT,316.1,19.0,D
24077,-37.567,149.075,341.0,1.4,1.2,2020-01-09,420,Aqua,MODIS,89,6.0NRT,299.7,60.0,D
14380,-35.985,149.489,357.9,1.0,1.0,2020-01-04,400,Aqua,MODIS,98,6.0NRT,307.7,69.5,D
24629,-35.934,148.914,333.6,3.1,1.7,2020-01-10,50,Terra,MODIS,80,6.0NRT,301.7,117.5,D
10976,-36.021,147.824,307.2,3.3,1.7,2020-01-03,1600,Aqua,MODIS,71,6.0NRT,294.4,45.2,N
25926,-18.283,143.241,348.2,1.0,1.0,2020-01-11,415,Aqua,MODIS,85,6.0NRT,316.6,31.7,D
21991,-32.921,123.656,345.9,2.4,1.5,2020-01-07,615,Aqua,MODIS,90,6.0NRT,315.4,127.7,D
17432,-31.357,152.108,313.6,1.0,1.0,2020-01-04,1505,Aqua,MODIS,87,6.0NRT,297.5,9.2,N
19139,-37.34,149.514,361.6,1.0,1.0,2020-01-04,1505,Aqua,MODIS,100,6.0NRT,292.3,91.8,N
26877,-37.7,149.238,337.3,1.4,1.2,2020-01-12,1240,Terra,MODIS,100,6.0NRT,288.6,63.5,N
13114,-37.079,147.252,416.3,1.1,1.0,2020-01-04,400,Aqua,MODIS,100,6.0NRT,323.7,377.4,D
16725,-37.167,149.659,328.4,2.2,1.4,2020-01-04,1325,Terra,MODIS,98,6.0NRT,274.4,0.0,N
33059,-32.798,122.197,346.6,3.8,1.8,2020-01-28,630,Aqua,MODIS,85,6.0NRT,319.6,224.4,D
18686,-37.179,149.483,352.2,1.0,1.0,2020-01-04,1505,Aqua,MODIS,100,6.0NRT,292.0,0.0,N
18388,-37.127,149.809,406.8,1.0,1.0,2020-01-04,1505,Aqua,MODIS,100,6.0NRT,303.0,0.0,N
30390,-37.09,149.451,324.7,1.3,1.1,2020-01-15,345,Aqua,MODIS,64,6.0NRT,293.4,23.7,D
25382,-37.266,149.179,329.4,1.0,1.0,2020-01-11,410,Aqua,MODIS,52,6.0NRT,297.4,21.8,D
13879,-36.543,147.766,432.6,1.0,1.0,2020-01-04,400,Aqua,MODIS,100,6.0NRT,330.8,507.1,D
5526,-16.605,137.996,351.8,1.2,1.1,2020-01-02,420,Aqua,MODIS,94,6.0NRT,306.9,59.2,D
21643,-32.429,121.299,346.5,1.0,1.0,2020-01-07,155,Terra,MODIS,88,6.0NRT,321.3,32.2,D
1508,-41.657,148.019,327.8,1.1,1.0,2020-01-01,1255,Terra,MODIS,100,6.0NRT,279.9,32.6,N
8672,-26.543,150.669,343.2,1.9,1.3,2020-01-03,320,Aqua,MODIS,86,6.0NRT,312.9,72.3,D
28733,-37.161,149.626,320.3,1.8,1.3,2020-01-13,1320,Terra,MODIS,70,6.0NRT,289.1,40.2,N
34332,-35.661,148.929,361.1,2.8,1.6,2020-01-30,440,Aqua,MODIS,100,6.0NRT,301.8,340.7,D
29233,-37.738,149.096,344.4,1.1,1.1,2020-01-13,1500,Aqua,MODIS,100,6.0NRT,299.1,0.0,N
1502,-41.673,148.002,325.2,1.1,1.0,2020-01-01,1255,Terra,MODIS,100,6.0NRT,278.9,28.5,N
28823,-35.775,148.729,306.9,1.3,1.1,2020-01-13,1500,Aqua,MODIS,70,6.0NRT,281.5,14.6,N
8625,-33.164,150.084,341.4,2.5,1.5,2020-01-03,320,Aqua,MODIS,85,6.0NRT,307.2,113.7,D
29042,-37.299,149.374,313.5,1.1,1.1,2020-01-13,1500,Aqua,MODIS,67,6.0NRT,289.4,14.2,N
728,-31.409,151.748,334.9,1.2,1.1,2020-01-01,335,Aqua,MODIS,72,6.0NRT,308.5,27.7,D
17291,-29.074,150.782,319.9,4.2,1.9,2020-01-04,1330,Terra,MODIS,99,6.0NRT,295.7,123.2,N
21831,-31.875,121.52,362.7,1.0,1.0,2020-01-07,155,Terra,MODIS,100,6.0NRT,324.2,70.7,D
14575,-36.02,148.365,500.1,1.0,1.0,2020-01-04,400,Aqua,MODIS,100,6.0NRT,400.1,0.0,D
22905,-32.909,124.083,420.6,4.5,1.9,2020-01-08,240,Terra,MODIS,100,6.0NRT,305.0,3349.6,D
1066,-28.928,128.75,398.8,1.0,1.0,2020-01-01,510,Aqua,MODIS,100,6.0NRT,329.5,219.8,D
17,-14.714,143.777,329.5,1.0,1.0,2020-01-01,50,Terra,MODIS,69,6.0NRT,299.9,12.7,D
34205,-41.589,148.152,351.4,1.8,1.3,2020-01-30,440,Aqua,MODIS,95,6.0NRT,313.7,115.7,D
2640,-35.81,148.272,324.7,1.0,1.0,2020-01-01,1255,Terra,MODIS,100,6.0NRT,291.7,22.6,N
22074,-32.49,123.124,351.7,2.3,1.5,2020-01-07,615,Aqua,MODIS,81,6.0NRT,305.6,174.8,D
20221,-32.516,150.226,326.7,1.3,1.1,2020-01-05,1235,Terra,MODIS,74,6.0NRT,287.6,33.6,N
4952,-36.917,146.661,325.9,1.0,1.0,2020-01-02,415,Aqua,MODIS,73,6.0NRT,307.2,15.7,D
10085,-28.198,151.409,322.3,1.1,1.0,2020-01-03,1245,Terra,MODIS,100,6.0NRT,294.5,20.5,N
17800,-33.862,150.474,336.0,1.0,1.0,2020-01-04,1505,Aqua,MODIS,100,6.0NRT,292.2,35.7,N
18039,-34.702,150.229,335.9,1.0,1.0,2020-01-04,1505,Aqua,MODIS,100,6.0NRT,289.0,34.6,N
30765,-36.352,147.672,344.6,1.5,1.2,2020-01-16,425,Aqua,MODIS,90,6.0NRT,303.2,70.1,D
11084,-21.997,116.205,309.2,1.0,1.0,2020-01-03,1735,Aqua,MODIS,73,6.0NRT,295.7,5.9,N
15176,-35.869,147.53,411.6,1.0,1.0,2020-01-04,400,Aqua,MODIS,100,6.0NRT,323.2,316.6,D
19780,-34.31,149.962,339.9,1.7,1.3,2020-01-05,30,Terra,MODIS,88,6.0NRT,296.1,81.3,D
33545,-35.636,148.905,403.0,1.0,1.0,2020-01-29,355,Aqua,MODIS,100,6.0NRT,305.7,271.3,D
16,-16.004,145.112,325.7,1.2,1.1,2020-01-01,50,Terra,MODIS,71,6.0NRT,302.3,17.3,D
22713,-31.051,123.714,314.1,1.3,1.1,2020-01-07,1715,Aqua,MODIS,75,6.0NRT,297.5,15.0,N
8637,-32.728,150.095,337.4,2.5,1.5,2020-01-03,320,Aqua,MODIS,79,6.0NRT,303.8,98.4,D
24700,-37.301,149.112,337.5,2.6,1.5,2020-01-10,325,Aqua,MODIS,88,6.0NRT,297.7,124.6,D
20229,-31.126,150.597,305.5,1.2,1.1,2020-01-05,1235,Terra,MODIS,64,6.0NRT,291.7,6.2,N
18655,-37.164,149.451,380.1,1.0,1.0,2020-01-04,1505,Aqua,MODIS,100,6.0NRT,292.1,0.0,N
7338,-36.095,149.578,309.7,1.0,1.0,2020-01-02,1515,Aqua,MODIS,78,6.0NRT,285.6,11.9,N
14381,-35.996,149.411,339.0,1.0,1.0,2020-01-04,400,Aqua,MODIS,58,6.0NRT,306.8,26.6,D
5326,-24.613,146.684,386.8,1.4,1.2,2020-01-02,420,Aqua,MODIS,100,6.0NRT,319.5,254.8,D
22009,-32.915,123.649,343.7,2.4,1.5,2020-01-07,615,Aqua,MODIS,68,6.0NRT,318.1,101.0,D
4595,-26.507,150.674,338.3,2.3,1.5,2020-01-02,415,Aqua,MODIS,77,6.0NRT,310.0,83.8,D
26327,-36.61,148.054,322.4,1.0,1.0,2020-01-11,1510,Aqua,MODIS,100,6.0NRT,282.6,23.4,N
16216,-31.252,121.141,351.7,1.0,1.0,2020-01-04,545,Aqua,MODIS,94,6.0NRT,326.0,44.7,D
7651,-37.594,148.773,321.7,1.0,1.0,2020-01-02,1520,Aqua,MODIS,100,6.0NRT,289.4,21.8,N
22980,-32.345,123.214,364.6,3.9,1.8,2020-01-08,240,Terra,MODIS,100,6.0NRT,301.1,598.4,D
24046,-30.097,150.066,358.7,2.3,1.5,2020-01-09,420,Aqua,MODIS,99,6.0NRT,307.2,214.4,D
14986,-35.829,148.728,344.8,1.0,1.0,2020-01-04,400,Aqua,MODIS,88,6.0NRT,305.4,39.7,D
14244,-36.019,149.691,411.4,1.0,1.0,2020-01-04,400,Aqua,MODIS,100,6.0NRT,327.2,321.7,D
12699,-37.135,148.205,401.3,1.0,1.0,2020-01-04,400,Aqua,MODIS,100,6.0NRT,306.7,251.0,D
20359,-17.538,143.363,309.2,2.3,1.5,2020-01-05,1235,Terra,MODIS,74,6.0NRT,293.8,17.2,N
4642,-41.579,147.841,343.6,1.0,1.0,2020-01-02,415,Aqua,MODIS,79,6.0NRT,298.0,39.7,D
8540,-35.99,148.307,326.5,3.5,1.8,2020-01-03,320,Aqua,MODIS,71,6.0NRT,299.8,118.1,D
12456,-37.426,149.517,382.7,1.0,1.0,2020-01-04,400,Aqua,MODIS,100,6.0NRT,290.1,154.1,D
10730,-36.703,147.875,306.0,1.3,1.1,2020-01-03,1245,Terra,MODIS,55,6.0NRT,292.4,9.2,N
21124,-32.581,122.265,341.2,1.3,1.1,2020-01-06,530,Aqua,MODIS,64,6.0NRT,320.2,25.5,D
21837,-31.896,121.487,356.8,1.0,1.0,2020-01-07,155,Terra,MODIS,97,6.0NRT,316.3,64.2,D
3595,-24.599,146.717,311.2,3.4,1.7,2020-01-01,1610,Aqua,MODIS,82,6.0NRT,294.6,51.3,N
34207,-41.59,147.815,356.8,1.7,1.3,2020-01-30,440,Aqua,MODIS,98,6.0NRT,307.9,138.2,D
8662,-29.436,152.132,372.0,1.7,1.3,2020-01-03,320,Aqua,MODIS,100,6.0NRT,304.1,240.0,D
14037,-36.433,147.901,436.9,1.0,1.0,2020-01-04,400,Aqua,MODIS,100,6.0NRT,320.3,550.1,D
24988,-18.228,144.137,316.2,1.1,1.0,2020-01-10,1255,Terra,MODIS,65,6.0NRT,297.1,11.2,N
15763,-34.808,150.354,409.7,1.1,1.0,2020-01-04,405,Aqua,MODIS,100,6.0NRT,333.5,320.0,D
17809,-33.869,150.461,369.4,1.0,1.0,2020-01-04,1505,Aqua,MODIS,100,6.0NRT,302.0,112.3,N
14539,-36.105,147.888,505.5,1.0,1.0,2020-01-04,400,Aqua,MODIS,100,6.0NRT,400.1,0.0,D
26128,-19.855,144.222,317.3,3.1,1.7,2020-01-11,1340,Terra,MODIS,94,6.0NRT,291.7,68.6,N
27861,-36.921,146.577,322.0,1.3,1.1,2020-01-13,355,Aqua,MODIS,73,6.0NRT,300.0,19.0,D
20893,-32.413,121.303,339.5,1.4,1.2,2020-01-06,530,Aqua,MODIS,79,6.0NRT,319.1,30.9,D
3054,-32.281,123.431,323.4,1.0,1.0,2020-01-01,1435,Terra,MODIS,92,6.0NRT,297.6,16.7,N
7595,-37.517,148.622,397.2,1.0,1.0,2020-01-02,1520,Aqua,MODIS,100,6.0NRT,300.2,244.3,N
999,-30.922,123.609,341.9,1.9,1.4,2020-01-01,510,Aqua,MODIS,68,6.0NRT,322.4,49.0,D
5855,-32.489,123.512,400.0,1.3,1.1,2020-01-02,555,Aqua,MODIS,100,6.0NRT,316.5,324.3,D
8660,-29.447,152.133,353.8,1.7,1.3,2020-01-03,320,Aqua,MODIS,96,6.0NRT,299.9,130.0,D
24246,-35.899,147.929,352.7,1.3,1.1,2020-01-09,420,Aqua,MODIS,95,6.0NRT,306.3,68.9,D
22157,-32.678,121.959,340.6,1.9,1.3,2020-01-07,615,Aqua,MODIS,66,6.0NRT,307.1,72.9,D
6212,-31.894,121.59,359.0,1.1,1.0,2020-01-02,555,Aqua,MODIS,93,6.0NRT,320.7,58.4,D
6089,-32.342,123.533,350.9,1.3,1.1,2020-01-02,555,Aqua,MODIS,93,6.0NRT,315.1,55.0,D
3305,-32.364,123.554,325.9,1.0,1.0,2020-01-01,1435,Terra,MODIS,100,6.0NRT,296.7,20.8,N
385,-35.687,148.178,342.9,2.3,1.5,2020-01-01,330,Aqua,MODIS,90,6.0NRT,301.7,139.7,D
5067,-35.997,149.502,343.1,1.3,1.1,2020-01-02,415,Aqua,MODIS,91,6.0NRT,299.7,61.8,D
12972,-37.244,146.503,350.3,1.1,1.1,2020-01-04,400,Aqua,MODIS,95,6.0NRT,308.0,61.7,D
12511,-37.402,149.488,445.1,1.0,1.0,2020-01-04,400,Aqua,MODIS,100,6.0NRT,298.2,637.9,D
6957,-36.455,149.93,338.5,1.1,1.0,2020-01-02,1515,Aqua,MODIS,100,6.0NRT,291.9,43.8,N
5958,-32.418,123.573,386.7,1.3,1.1,2020-01-02,555,Aqua,MODIS,100,6.0NRT,317.6,225.3,D
27387,-37.685,148.849,349.4,1.1,1.0,2020-01-13,355,Aqua,MODIS,95,6.0NRT,299.4,56.3,D
23079,-32.607,122.198,340.4,3.3,1.7,2020-01-08,240,Terra,MODIS,77,6.0NRT,310.1,127.7,D
33250,-32.854,124.334,312.8,2.9,1.6,2020-01-28,1730,Aqua,MODIS,56,6.0NRT,298.0,37.0,N
31685,-32.035,149.029,340.3,2.8,1.6,2020-01-23,435,Aqua,MODIS,76,6.0NRT,287.1,145.8,D
11733,-36.527,148.233,327.4,1.6,1.2,2020-01-03,2345,Terra,MODIS,62,6.0NRT,301.9,36.5,D
13321,-36.995,146.884,366.3,1.1,1.0,2020-01-04,400,Aqua,MODIS,100,6.0NRT,295.4,101.6,D
8285,-33.975,142.183,339.3,1.0,1.0,2020-01-03,40,Terra,MODIS,59,6.0NRT,320.6,16.5,D
11938,-37.459,149.661,333.0,1.3,1.1,2020-01-03,2345,Terra,MODIS,75,6.0NRT,304.2,32.6,D
21513,-32.595,122.237,317.3,2.3,1.5,2020-01-06,1630,Aqua,MODIS,64,6.0NRT,293.3,46.9,N
13303,-37.006,146.947,411.0,1.1,1.0,2020-01-04,400,Aqua,MODIS,100,6.0NRT,307.9,342.2,D
10245,-37.57,149.349,323.2,1.1,1.1,2020-01-03,1245,Terra,MODIS,100,6.0NRT,295.0,22.9,N
15549,-22.832,149.426,340.8,1.4,1.2,2020-01-04,405,Aqua,MODIS,69,6.0NRT,317.3,31.6,D
5927,-32.485,123.237,408.0,1.2,1.1,2020-01-02,555,Aqua,MODIS,75,6.0NRT,338.8,311.8,D
14291,-35.99,149.695,371.3,1.0,1.0,2020-01-04,400,Aqua,MODIS,100,6.0NRT,320.8,105.8,D
4783,-37.6,148.007,331.4,1.1,1.0,2020-01-02,415,Aqua,MODIS,72,6.0NRT,297.5,25.0,D
27266,-37.535,149.216,313.5,1.6,1.3,2020-01-12,2340,Terra,MODIS,56,6.0NRT,294.6,15.3,D
29226,-37.694,148.848,324.2,1.2,1.1,2020-01-13,1500,Aqua,MODIS,100,6.0NRT,289.9,29.5,N
2993,-32.545,121.939,348.5,1.0,1.0,2020-01-01,1435,Terra,MODIS,100,6.0NRT,303.2,57.3,N
31174,-14.794,133.133,308.1,1.0,1.0,2020-01-18,1345,Terra,MODIS,56,6.0NRT,296.6,4.1,N
21943,-18.107,144.022,335.0,2.5,1.5,2020-01-07,440,Aqua,MODIS,76,6.0NRT,303.9,65.9,D
899,-32.283,123.411,385.5,2.1,1.4,2020-01-01,510,Aqua,MODIS,100,6.0NRT,323.0,454.1,D
23896,-35.261,147.849,330.9,1.1,1.0,2020-01-09,5,Terra,MODIS,69,6.0NRT,307.8,16.5,D
9833,-33.892,150.408,316.2,1.0,1.0,2020-01-03,1245,Terra,MODIS,93,6.0NRT,294.3,13.7,N
14131,-36.121,149.498,362.5,1.0,1.0,2020-01-04,400,Aqua,MODIS,100,6.0NRT,310.5,79.1,D
6377,-30.929,123.684,418.8,1.4,1.2,2020-01-02,555,Aqua,MODIS,100,6.0NRT,322.7,565.1,D
1384,-34.845,150.348,322.0,1.1,1.0,2020-01-01,1255,Terra,MODIS,100,6.0NRT,289.9,20.8,N
9082,-36.573,140.192,341.0,1.5,1.2,2020-01-03,500,Aqua,MODIS,81,6.0NRT,324.5,28.8,D
22556,-31.888,121.394,314.2,3.6,1.8,2020-01-07,1400,Terra,MODIS,54,6.0NRT,298.0,59.9,N
13183,-37.03,147.411,364.2,1.0,1.0,2020-01-04,400,Aqua,MODIS,100,6.0NRT,318.8,83.1,D
7008,-36.29,147.753,316.5,1.0,1.0,2020-01-02,1515,Aqua,MODIS,53,6.0NRT,292.2,14.1,N
28057,-35.824,148.774,336.3,1.0,1.0,2020-01-13,355,Aqua,MODIS,84,6.0NRT,301.8,29.6,D
32140,-36.505,149.978,328.2,1.6,1.2,2020-01-25,420,Aqua,MODIS,75,6.0NRT,296.8,40.5,D
9000,-35.857,136.616,354.0,1.1,1.0,2020-01-03,500,Aqua,MODIS,92,6.0NRT,316.5,52.0,D
28103,-35.731,148.59,324.9,1.0,1.0,2020-01-13,355,Aqua,MODIS,53,6.0NRT,300.2,15.6,D
9966,-32.157,151.42,316.2,1.0,1.0,2020-01-03,1245,Terra,MODIS,92,6.0NRT,297.0,11.3,N
464,-32.637,150.786,341.5,1.4,1.2,2020-01-01,330,Aqua,MODIS,65,6.0NRT,307.8,51.6,N
24577,-18.059,144.771,370.0,1.1,1.0,2020-01-10,45,Terra,MODIS,100,6.0NRT,314.4,104.9,D
24912,-32.679,150.073,306.1,1.0,1.0,2020-01-10,1250,Terra,MODIS,63,6.0NRT,274.5,6.9,N
13774,-36.285,149.991,338.0,1.0,1.0,2020-01-04,400,Aqua,MODIS,85,6.0NRT,303.8,30.9,D
16026,-32.566,150.388,353.3,1.1,1.1,2020-01-04,405,Aqua,MODIS,95,6.0NRT,314.8,56.4,D
30106,-35.505,148.473,311.6,1.8,1.3,2020-01-14,1540,Aqua,MODIS,69,6.0NRT,287.4,26.6,N
34037,-35.853,148.878,336.7,1.3,1.1,2020-01-30,25,Terra,MODIS,83,6.0NRT,306.7,41.2,D
6359,-30.944,123.693,458.6,1.4,1.2,2020-01-02,555,Aqua,MODIS,100,6.0NRT,327.9,1267.0,D
26906,-37.492,149.176,311.9,1.4,1.2,2020-01-12,1240,Terra,MODIS,84,6.0NRT,284.0,19.3,N
18424,-37.115,149.611,388.0,1.0,1.0,2020-01-04,1505,Aqua,MODIS,100,6.0NRT,279.3,190.9,N
8696,-24.954,149.471,329.3,2.2,1.4,2020-01-03,320,Aqua,MODIS,66,6.0NRT,311.9,30.3,D
11934,-37.358,149.114,356.1,1.4,1.2,2020-01-03,2345,Terra,MODIS,98,6.0NRT,306.4,107.9,D
6067,-32.357,123.502,360.3,1.3,1.1,2020-01-02,555,Aqua,MODIS,100,6.0NRT,317.3,78.5,D
17845,-34.244,150.259,322.4,1.0,1.0,2020-01-04,1505,Aqua,MODIS,100,6.0NRT,293.7,18.8,N
24020,-35.746,137.261,383.3,1.8,1.3,2020-01-09,420,Aqua,MODIS,100,6.0NRT,322.3,352.2,D
13491,-36.929,146.688,454.1,1.1,1.0,2020-01-04,400,Aqua,MODIS,100,6.0NRT,331.8,846.6,D
7776,-37.689,148.662,321.5,1.0,1.0,2020-01-02,1520,Aqua,MODIS,85,6.0NRT,288.4,19.8,N
14557,-36.093,147.909,446.6,1.0,1.0,2020-01-04,400,Aqua,MODIS,100,6.0NRT,313.1,0.0,D
4815,-37.623,147.709,328.9,1.0,1.0,2020-01-02,415,Aqua,MODIS,83,6.0NRT,298.7,20.6,D
15231,-35.662,148.229,379.0,1.0,1.0,2020-01-04,400,Aqua,MODIS,100,6.0NRT,305.4,131.7,D
24217,-35.84,148.715,327.9,1.4,1.2,2020-01-09,420,Aqua,MODIS,69,6.0NRT,301.0,25.0,D
758,-28.573,152.274,340.3,1.1,1.0,2020-01-01,335,Aqua,MODIS,85,6.0NRT,315.3,24.0,D
12669,-37.175,148.119,383.9,1.0,1.0,2020-01-04,400,Aqua,MODIS,100,6.0NRT,308.8,161.5,D
27120,-36.737,146.702,309.8,2.3,1.5,2020-01-12,1555,Aqua,MODIS,78,6.0NRT,287.5,34.8,N
21431,-32.651,121.975,319.1,1.2,1.1,2020-01-06,1455,Terra,MODIS,77,6.0NRT,295.2,19.3,N
11995,-37.036,147.351,359.9,1.8,1.3,2020-01-03,2345,Terra,MODIS,99,6.0NRT,306.9,159.6,D
8397,-21.042,117.685,340.0,1.1,1.0,2020-01-03,215,Terra,MODIS,82,6.0NRT,311.0,23.4,D
3535,-21.219,118.668,308.1,1.1,1.0,2020-01-01,1440,Terra,MODIS,61,6.0NRT,287.7,6.5,N
8520,-36.001,149.558,328.6,2.9,1.6,2020-01-03,320,Aqua,MODIS,78,6.0NRT,295.2,99.8,D
7128,-22.163,146.916,322.5,1.5,1.2,2020-01-02,1515,Aqua,MODIS,100,6.0NRT,297.0,33.4,N
30740,-36.785,146.887,341.6,1.3,1.1,2020-01-16,425,Aqua,MODIS,90,6.0NRT,303.6,53.8,D
13684,-36.703,147.87,361.7,1.0,1.0,2020-01-04,400,Aqua,MODIS,100,6.0NRT,320.0,75.0,D
28643,-37.447,149.255,318.0,1.7,1.3,2020-01-13,1320,Terra,MODIS,96,6.0NRT,289.7,31.8,N
7061,-36.477,147.71,311.0,1.0,1.0,2020-01-02,1515,Aqua,MODIS,62,6.0NRT,283.0,11.7,N
17657,-32.617,150.71,314.3,1.0,1.0,2020-01-04,1505,Aqua,MODIS,87,6.0NRT,298.4,9.3,N
21724,-32.649,122.053,362.7,1.0,1.0,2020-01-07,155,Terra,MODIS,100,6.0NRT,314.1,64.1,D
8982,-35.843,136.76,417.4,1.1,1.0,2020-01-03,500,Aqua,MODIS,100,6.0NRT,335.0,375.1,D
1067,-28.93,128.739,358.3,1.0,1.0,2020-01-01,510,Aqua,MODIS,98,6.0NRT,321.2,52.0,D
4507,-33.204,150.172,332.1,1.6,1.2,2020-01-02,415,Aqua,MODIS,63,6.0NRT,309.1,28.4,D
26123,-19.879,144.172,320.0,3.1,1.7,2020-01-11,1340,Terra,MODIS,100,6.0NRT,292.3,71.1,N
30867,-14.243,136.825,330.2,1.9,1.3,2020-01-17,50,Terra,MODIS,78,6.0NRT,299.7,34.2,D
9804,-34.341,150.062,318.0,1.0,1.0,2020-01-03,1245,Terra,MODIS,96,6.0NRT,296.1,14.5,N
16009,-32.661,150.13,358.2,1.1,1.1,2020-01-04,405,Aqua,MODIS,85,6.0NRT,313.5,68.7,D
26858,-31.17,149.228,319.0,1.2,1.1,2020-01-12,1240,Terra,MODIS,88,6.0NRT,287.5,19.1,N
8788,-36.087,148.43,334.7,4.7,2.0,2020-01-03,455,Aqua,MODIS,80,6.0NRT,301.5,292.9,D
5683,-32.944,123.741,410.1,1.3,1.1,2020-01-02,555,Aqua,MODIS,100,6.0NRT,300.9,431.8,D
33510,-35.873,148.901,324.6,1.0,1.0,2020-01-29,355,Aqua,MODIS,54,6.0NRT,310.2,10.5,D
26754,-36.748,146.716,309.2,1.9,1.3,2020-01-12,1240,Terra,MODIS,77,6.0NRT,288.3,25.8,N
2840,-18.531,143.814,312.0,1.0,1.0,2020-01-01,1300,Terra,MODIS,83,6.0NRT,295.6,8.2,N
29391,-36.84,148.178,317.0,1.2,1.1,2020-01-14,25,Terra,MODIS,72,6.0NRT,293.3,16.6,D
15398,-35.456,148.063,452.1,1.0,1.0,2020-01-04,400,Aqua,MODIS,100,6.0NRT,400.1,0.0,D
15410,-35.439,148.117,377.6,1.0,1.0,2020-01-04,400,Aqua,MODIS,87,6.0NRT,298.4,121.1,D
32748,-36.014,149.318,347.7,1.1,1.0,2020-01-27,410,Aqua,MODIS,77,6.0NRT,286.9,55.1,D
3958,-34.829,150.327,327.8,1.0,1.0,2020-01-02,0,Terra,MODIS,63,6.0NRT,296.1,17.9,D
30393,-37.066,149.579,321.3,1.3,1.1,2020-01-15,345,Aqua,MODIS,63,6.0NRT,299.9,14.7,D
19837,-32.591,150.682,344.4,1.8,1.3,2020-01-05,30,Terra,MODIS,89,6.0NRT,303.2,96.4,D
26720,-36.828,148.083,313.3,1.6,1.2,2020-01-12,1240,Terra,MODIS,53,6.0NRT,284.0,25.0,N
5301,-35.848,147.651,365.0,1.1,1.0,2020-01-02,415,Aqua,MODIS,100,6.0NRT,304.2,102.5,D
12944,-37.251,146.529,399.8,1.1,1.0,2020-01-04,400,Aqua,MODIS,100,6.0NRT,312.1,278.6,D
19893,-21.856,119.453,342.1,1.2,1.1,2020-01-05,205,Terra,MODIS,89,6.0NRT,305.0,40.7,D
8452,-37.134,148.058,331.8,3.8,1.8,2020-01-03,320,Aqua,MODIS,55,6.0NRT,299.5,170.7,D
15497,-25.43,149.176,344.8,1.2,1.1,2020-01-04,405,Aqua,MODIS,86,6.0NRT,315.8,40.0,D
5473,-17.379,145.187,335.9,1.5,1.2,2020-01-02,420,Aqua,MODIS,68,6.0NRT,304.7,42.9,D
4589,-26.532,150.661,353.2,2.3,1.5,2020-01-02,415,Aqua,MODIS,95,6.0NRT,308.5,175.0,D
29315,-35.603,148.703,361.8,1.2,1.1,2020-01-14,25,Terra,MODIS,100,6.0NRT,301.5,117.8,D
30717,-36.883,146.795,342.1,1.3,1.1,2020-01-16,425,Aqua,MODIS,91,6.0NRT,301.0,53.3,D
28775,-27.22,145.785,315.7,1.7,1.3,2020-01-13,1325,Terra,MODIS,56,6.0NRT,295.7,24.9,N
1284,-32.016,135.786,347.5,1.5,1.2,2020-01-01,510,Aqua,MODIS,89,6.0NRT,326.4,53.0,D
31910,-36.368,149.999,332.2,1.4,1.2,2020-01-24,340,Aqua,MODIS,67,6.0NRT,296.5,39.9,D
34445,-37.211,149.071,336.6,2.1,1.4,2020-01-30,1225,Terra,MODIS,100,6.0NRT,299.4,100.4,N
18091,-34.742,150.202,361.7,1.0,1.0,2020-01-04,1505,Aqua,MODIS,100,6.0NRT,290.5,94.4,N
31957,-34.691,150.267,351.8,1.3,1.1,2020-01-24,340,Aqua,MODIS,95,6.0NRT,301.2,73.6,D
15670,-35.257,147.906,466.3,1.0,1.0,2020-01-04,405,Aqua,MODIS,100,6.0NRT,340.7,918.4,D
24755,-31.204,149.266,359.8,2.1,1.4,2020-01-10,325,Aqua,MODIS,99,6.0NRT,311.1,210.4,D
9745,-35.011,150.061,307.7,1.0,1.0,2020-01-03,1245,Terra,MODIS,72,6.0NRT,295.6,6.7,N
6314,-30.993,123.72,373.9,1.4,1.2,2020-01-02,555,Aqua,MODIS,100,6.0NRT,317.8,171.1,D
16661,-37.221,149.6,366.3,2.2,1.4,2020-01-04,1325,Terra,MODIS,100,6.0NRT,281.3,326.1,N
32156,-35.984,150.028,334.4,1.6,1.3,2020-01-25,420,Aqua,MODIS,82,6.0NRT,293.1,46.1,D
30788,-17.953,137.858,341.9,1.0,1.0,2020-01-16,430,Aqua,MODIS,77,6.0NRT,315.5,18.1,D
32413,-35.903,149.662,394.9,2.3,1.5,2020-01-26,325,Aqua,MODIS,100,6.0NRT,305.7,708.7,D
11296,-34.331,150.338,353.9,1.4,1.2,2020-01-03,2345,Terra,MODIS,96,6.0NRT,310.8,82.1,D
25089,-37.242,149.485,318.5,1.1,1.1,2020-01-10,2355,Terra,MODIS,56,6.0NRT,297.4,13.1,D
34226,-37.508,148.06,359.0,2.2,1.4,2020-01-30,440,Aqua,MODIS,99,6.0NRT,315.0,215.4,D
400,-35.426,150.337,334.9,1.6,1.3,2020-01-01,330,Aqua,MODIS,86,6.0NRT,296.8,65.0,D
11738,-36.519,148.019,340.8,1.6,1.3,2020-01-03,2345,Terra,MODIS,87,6.0NRT,300.6,80.5,D
12169,-37.184,147.103,347.6,1.8,1.3,2020-01-03,2345,Terra,MODIS,93,6.0NRT,304.0,118.1,D
32541,-35.996,149.321,351.6,1.0,1.0,2020-01-26,1250,Terra,MODIS,100,6.0NRT,296.1,67.1,N
30087,-26.477,150.78,310.5,2.0,1.4,2020-01-14,1540,Aqua,MODIS,80,6.0NRT,291.2,23.7,N
1504,-41.659,148.04,324.2,1.1,1.0,2020-01-01,1255,Terra,MODIS,99,6.0NRT,279.0,25.9,N
21362,-31.988,121.643,313.2,1.2,1.1,2020-01-06,1455,Terra,MODIS,87,6.0NRT,293.9,15.4,N
34604,-41.573,147.778,307.9,2.8,1.6,2020-01-30,1225,Terra,MODIS,64,6.0NRT,290.9,36.6,N
22050,-32.525,123.399,347.1,2.3,1.5,2020-01-07,615,Aqua,MODIS,73,6.0NRT,316.8,114.1,D
23094,-32.644,122.268,343.0,3.4,1.7,2020-01-08,240,Terra,MODIS,82,6.0NRT,311.9,158.6,D
10113,-25.419,149.186,312.2,1.0,1.0,2020-01-03,1245,Terra,MODIS,78,6.0NRT,297.8,7.2,N
23040,-32.504,123.059,377.5,3.8,1.8,2020-01-08,240,Terra,MODIS,94,6.0NRT,309.6,852.2,D
8378,-35.869,136.592,338.1,1.2,1.1,2020-01-03,45,Terra,MODIS,89,6.0NRT,304.5,32.7,D
29208,-37.686,148.981,326.2,1.2,1.1,2020-01-13,1500,Aqua,MODIS,100,6.0NRT,290.2,29.0,N
30600,-14.024,136.424,314.3,1.4,1.2,2020-01-15,1315,Terra,MODIS,84,6.0NRT,296.5,14.6,N
7109,-36.955,148.273,306.9,1.0,1.0,2020-01-02,1515,Aqua,MODIS,70,6.0NRT,284.9,9.8,N
31364,-22.788,120.727,344.3,1.0,1.0,2020-01-21,205,Terra,MODIS,86,6.0NRT,315.6,29.5,D
1760,-37.649,148.527,335.7,1.0,1.0,2020-01-01,1255,Terra,MODIS,100,6.0NRT,290.0,36.7,N
9687,-35.568,148.171,307.7,1.2,1.1,2020-01-03,1245,Terra,MODIS,62,6.0NRT,292.8,8.1,N
29302,-35.466,148.316,370.9,1.2,1.1,2020-01-14,25,Terra,MODIS,100,6.0NRT,298.7,145.6,D
6276,-31.04,123.679,338.2,1.4,1.2,2020-01-02,555,Aqua,MODIS,77,6.0NRT,300.8,31.6,D
22225,-32.699,121.088,344.5,1.7,1.3,2020-01-07,615,Aqua,MODIS,81,6.0NRT,325.0,33.8,D
5925,-32.48,123.263,437.5,1.2,1.1,2020-01-02,555,Aqua,MODIS,99,6.0NRT,400.1,668.8,D
20001,-25.394,149.16,332.4,3.9,1.8,2020-01-05,310,Aqua,MODIS,72,6.0NRT,313.5,117.2,D
27140,-37.157,149.956,315.2,3.7,1.8,2020-01-12,1555,Aqua,MODIS,91,6.0NRT,285.2,108.5,N
33808,-35.635,148.898,336.7,1.8,1.3,2020-01-29,1320,Terra,MODIS,96,6.0NRT,291.5,86.6,N
27443,-37.461,149.702,334.2,1.0,1.0,2020-01-13,355,Aqua,MODIS,81,6.0NRT,295.4,29.6,D
17635,-32.53,150.225,315.2,1.1,1.0,2020-01-04,1505,Aqua,MODIS,89,6.0NRT,300.0,9.7,N
17103,-35.912,147.951,378.1,1.9,1.3,2020-01-04,1325,Terra,MODIS,100,6.0NRT,293.1,360.8,N
11649,-36.241,149.553,383.2,1.4,1.2,2020-01-03,2345,Terra,MODIS,100,6.0NRT,310.3,241.0,D
7475,-37.264,147.994,319.8,1.0,1.0,2020-01-02,1520,Aqua,MODIS,99,6.0NRT,287.5,19.4,N
9945,-32.552,150.401,327.6,1.0,1.0,2020-01-03,1245,Terra,MODIS,100,6.0NRT,299.7,21.9,N
19312,-37.411,149.681,348.0,1.0,1.0,2020-01-04,1505,Aqua,MODIS,89,6.0NRT,290.6,55.1,N
25881,-16.054,144.747,352.2,1.2,1.1,2020-01-11,415,Aqua,MODIS,95,6.0NRT,306.8,58.3,D
33215,-32.796,122.153,313.5,1.6,1.2,2020-01-28,1420,Terra,MODIS,64,6.0NRT,298.7,18.2,N
7229,-35.454,147.886,317.0,1.0,1.0,2020-01-02,1515,Aqua,MODIS,94,6.0NRT,294.6,14.9,N
29490,-37.396,149.749,349.1,1.5,1.2,2020-01-14,25,Terra,MODIS,90,6.0NRT,297.6,91.1,D
29024,-36.824,146.883,311.8,1.5,1.2,2020-01-13,1500,Aqua,MODIS,83,6.0NRT,289.9,20.1,N
11097,-37.572,147.507,351.2,1.7,1.3,2020-01-03,2345,Terra,MODIS,95,6.0NRT,309.4,111.5,D
13868,-36.548,147.791,447.8,1.0,1.0,2020-01-04,400,Aqua,MODIS,100,6.0NRT,336.8,684.4,D
22627,-32.585,123.301,323.0,1.3,1.1,2020-01-07,1715,Aqua,MODIS,69,6.0NRT,296.6,25.6,N
31890,-36.735,149.397,354.8,1.6,1.2,2020-01-24,340,Aqua,MODIS,97,6.0NRT,301.1,125.2,D
7024,-36.368,147.839,322.5,1.0,1.0,2020-01-02,1515,Aqua,MODIS,100,6.0NRT,290.4,20.8,N
14354,-35.98,149.576,410.9,1.0,1.0,2020-01-04,400,Aqua,MODIS,100,6.0NRT,334.7,315.8,D
17400,-30.651,152.561,312.5,1.0,1.0,2020-01-04,1505,Aqua,MODIS,85,6.0NRT,296.9,8.4,N
19806,-31.328,151.291,348.5,1.9,1.4,2020-01-05,30,Terra,MODIS,91,6.0NRT,309.2,109.0,D
14674,-36.051,147.876,405.7,1.0,1.0,2020-01-04,400,Aqua,MODIS,100,6.0NRT,306.2,273.6,D
5164,-36.033,147.833,338.0,1.1,1.0,2020-01-02,415,Aqua,MODIS,83,6.0NRT,302.0,36.2,D
14089,-36.429,147.725,379.4,1.0,1.0,2020-01-04,400,Aqua,MODIS,100,6.0NRT,314.6,141.5,D
3508,-37.676,148.093,320.9,2.8,1.6,2020-01-01,1435,Aqua,MODIS,100,6.0NRT,285.7,93.3,N
14364,-35.923,149.897,342.8,1.0,1.0,2020-01-04,400,Aqua,MODIS,67,6.0NRT,316.7,33.0,D
23710,-35.45,148.225,309.4,1.0,1.0,2020-01-08,1305,Terra,MODIS,64,6.0NRT,292.3,8.2,N
11358,-34.855,150.098,392.6,1.4,1.2,2020-01-03,2345,Terra,MODIS,100,6.0NRT,314.4,304.6,D
3346,-32.337,123.548,324.2,1.0,1.0,2020-01-01,1435,Terra,MODIS,90,6.0NRT,297.6,18.5,N
24644,-31.473,151.753,334.4,1.5,1.2,2020-01-10,325,Aqua,MODIS,78,6.0NRT,308.5,28.8,D
25278,-37.37,149.207,401.1,1.0,1.0,2020-01-11,410,Aqua,MODIS,100,6.0NRT,312.5,265.2,D
30225,-37.43,147.498,313.7,1.7,1.3,2020-01-14,1540,Aqua,MODIS,88,6.0NRT,291.4,25.7,N
9042,-35.784,136.678,349.2,1.1,1.0,2020-01-03,500,Aqua,MODIS,88,6.0NRT,313.4,40.9,D
12294,-37.225,146.527,343.6,1.9,1.4,2020-01-03,2345,Terra,MODIS,90,6.0NRT,306.1,109.4,D
9311,-36.491,149.529,321.8,1.1,1.0,2020-01-03,1245,Terra,MODIS,100,6.0NRT,292.2,23.1,N
16984,-36.826,146.686,335.9,1.5,1.2,2020-01-04,1325,Terra,MODIS,100,6.0NRT,273.5,59.1,N
11205,-32.597,150.679,331.6,1.4,1.2,2020-01-03,2345,Terra,MODIS,66,6.0NRT,308.1,22.3,D
8248,-18.545,142.609,342.8,1.1,1.1,2020-01-03,40,Terra,MODIS,89,6.0NRT,309.3,32.2,D
29388,-36.806,148.149,332.3,1.2,1.1,2020-01-14,25,Terra,MODIS,86,6.0NRT,295.2,35.5,D
4958,-36.895,146.68,342.1,1.0,1.0,2020-01-02,415,Aqua,MODIS,89,6.0NRT,309.9,37.4,D
33436,-35.979,150.003,335.8,1.0,1.0,2020-01-29,355,Aqua,MODIS,79,6.0NRT,297.5,26.6,D
15843,-34.328,150.34,367.5,1.1,1.0,2020-01-04,405,Aqua,MODIS,100,6.0NRT,318.9,95.7,D
29820,-30.112,150.021,334.0,1.5,1.2,2020-01-14,1225,Terra,MODIS,100,6.0NRT,296.1,55.0,N
6467,-30.859,123.369,363.1,1.3,1.1,2020-01-02,555,Aqua,MODIS,100,6.0NRT,328.3,89.6,D
14703,-35.984,148.289,411.7,1.0,1.0,2020-01-04,400,Aqua,MODIS,100,6.0NRT,332.5,310.6,D
14259,-36.004,149.723,417.3,1.0,1.0,2020-01-04,400,Aqua,MODIS,100,6.0NRT,341.0,365.9,D
21460,-32.402,123.137,320.3,1.4,1.2,2020-01-06,1455,Terra,MODIS,78,6.0NRT,295.4,27.4,N
23883,-29.261,152.146,335.5,1.0,1.0,2020-01-09,5,Terra,MODIS,81,6.0NRT,301.4,27.3,D
12772,-37.081,148.269,344.0,1.0,1.0,2020-01-04,400,Aqua,MODIS,72,6.0NRT,307.7,32.3,D
5005,-36.241,149.515,324.0,1.3,1.1,2020-01-02,415,Aqua,MODIS,76,6.0NRT,294.0,26.2,D
19925,-32.59,121.986,338.8,1.1,1.0,2020-01-05,210,Terra,MODIS,68,6.0NRT,306.2,33.9,D
2510,-36.124,147.919,322.7,1.0,1.0,2020-01-01,1255,Terra,MODIS,100,6.0NRT,291.7,21.8,N
27717,-41.627,147.848,394.1,1.3,1.1,2020-01-13,355,Aqua,MODIS,100,6.0NRT,308.3,293.0,D
19885,-31.029,123.647,373.7,1.3,1.1,2020-01-05,205,Terra,MODIS,100,6.0NRT,316.7,157.1,D
32057,-37.703,148.941,347.4,1.0,1.0,2020-01-25,5,Terra,MODIS,93,6.0NRT,299.6,49.7,D
12501,-37.382,149.624,355.8,1.0,1.0,2020-01-04,400,Aqua,MODIS,92,6.0NRT,279.6,61.3,D
11544,-36.017,149.814,339.2,1.3,1.1,2020-01-03,2345,Terra,MODIS,85,6.0NRT,303.0,49.6,D
24841,-31.552,151.441,322.1,1.1,1.1,2020-01-10,1250,Terra,MODIS,71,6.0NRT,286.4,19.4,N
27130,-37.703,149.231,310.5,3.4,1.7,2020-01-12,1555,Aqua,MODIS,80,6.0NRT,284.8,68.6,N
9997,-31.45,152.124,311.0,1.0,1.0,2020-01-03,1245,Terra,MODIS,59,6.0NRT,294.4,8.7,N
23765,-36.636,146.557,323.3,3.0,1.7,2020-01-08,1440,Aqua,MODIS,100,6.0NRT,290.7,108.0,N
21791,-32.705,122.001,461.0,1.0,1.0,2020-01-07,155,Terra,MODIS,100,6.0NRT,328.9,853.8,D
30142,-36.808,146.932,312.1,1.5,1.2,2020-01-14,1540,Aqua,MODIS,70,6.0NRT,288.8,20.4,N
8017,-37.098,146.997,323.2,1.0,1.0,2020-01-02,1520,Aqua,MODIS,100,6.0NRT,287.2,22.3,N
25557,-36.157,149.451,434.2,1.1,1.0,2020-01-11,410,Aqua,MODIS,100,6.0NRT,320.1,581.3,D
17727,-32.609,150.259,312.8,1.1,1.0,2020-01-04,1505,Aqua,MODIS,84,6.0NRT,300.5,7.7,N
8071,-30.877,132.72,316.2,2.4,1.5,2020-01-02,1655,Aqua,MODIS,93,6.0NRT,297.2,39.9,N
3071,-32.454,122.005,310.6,1.0,1.0,2020-01-01,1435,Terra,MODIS,81,6.0NRT,296.6,8.1,N
12483,-37.391,149.626,345.8,1.0,1.0,2020-01-04,400,Aqua,MODIS,87,6.0NRT,279.1,38.9,D
8128,-35.776,136.651,374.3,1.2,1.1,2020-01-03,40,Terra,MODIS,100,6.0NRT,316.0,161.0,D
14204,-36.298,147.953,336.2,1.0,1.0,2020-01-04,400,Aqua,MODIS,73,6.0NRT,307.1,20.9,D
34271,-37.053,149.555,321.1,2.8,1.6,2020-01-30,440,Aqua,MODIS,58,6.0NRT,302.6,45.7,D
10995,-36.502,148.181,319.8,3.5,1.8,2020-01-03,1600,Aqua,MODIS,99,6.0NRT,291.0,111.5,N
31775,-34.679,150.312,370.8,1.9,1.3,2020-01-23,1535,Aqua,MODIS,100,6.0NRT,289.9,290.9,N
22709,-32.469,123.01,318.7,1.2,1.1,2020-01-07,1715,Aqua,MODIS,97,6.0NRT,296.8,19.0,N
16978,-36.834,146.705,325.6,1.5,1.2,2020-01-04,1325,Terra,MODIS,100,6.0NRT,271.5,32.3,N
31725,-36.858,149.467,304.9,2.4,1.5,2020-01-23,1220,Terra,MODIS,52,6.0NRT,285.1,26.6,N
21064,-32.549,123.397,356.2,1.1,1.1,2020-01-06,530,Aqua,MODIS,97,6.0NRT,307.9,76.8,D
17142,-35.836,147.56,389.4,1.8,1.3,2020-01-04,1325,Terra,MODIS,100,6.0NRT,305.6,449.3,N
7349,-35.939,148.249,323.5,1.0,1.0,2020-01-02,1515,Aqua,MODIS,100,6.0NRT,291.9,21.8,N
14499,-36.131,147.888,350.6,1.0,1.0,2020-01-04,400,Aqua,MODIS,71,6.0NRT,310.9,47.9,D
29141,-37.407,149.212,321.9,1.1,1.1,2020-01-13,1500,Aqua,MODIS,100,6.0NRT,291.3,22.8,N
31322,-33.161,115.728,335.0,1.0,1.0,2020-01-20,1505,Terra,MODIS,100,6.0NRT,294.4,36.3,N
1671,-37.663,148.618,351.3,1.0,1.0,2020-01-01,1255,Terra,MODIS,100,6.0NRT,292.3,65.5,N
30566,-18.064,141.884,330.6,2.3,1.5,2020-01-15,350,Aqua,MODIS,76,6.0NRT,300.1,42.6,D
17455,-31.425,151.763,342.7,1.0,1.0,2020-01-04,1505,Aqua,MODIS,100,6.0NRT,300.6,43.6,N
33476,-35.87,149.738,330.0,1.0,1.0,2020-01-29,355,Aqua,MODIS,59,6.0NRT,299.9,19.5,D
2588,-35.913,148.323,332.5,1.0,1.0,2020-01-01,1255,Terra,MODIS,91,6.0NRT,291.5,30.2,N
15239,-35.315,150.404,355.8,1.1,1.0,2020-01-04,400,Aqua,MODIS,97,6.0NRT,317.5,56.7,D
20450,-32.286,123.241,312.9,1.7,1.3,2020-01-05,1410,Terra,MODIS,86,6.0NRT,292.9,25.6,N
8960,-35.881,136.647,344.2,1.1,1.0,2020-01-03,500,Aqua,MODIS,62,6.0NRT,315.8,31.2,D
8393,-35.894,136.614,338.0,1.2,1.1,2020-01-03,45,Terra,MODIS,83,6.0NRT,301.6,34.3,D
11637,-35.947,148.25,332.8,1.6,1.3,2020-01-03,2345,Terra,MODIS,70,6.0NRT,305.3,46.0,D
34626,-37.388,149.274,335.1,2.0,1.4,2020-01-30,1225,Terra,MODIS,100,6.0NRT,297.0,92.9,N
18235,-36.393,149.545,316.4,1.0,1.0,2020-01-04,1505,Aqua,MODIS,93,6.0NRT,286.0,15.3,N
2772,-35.14,150.566,322.0,1.1,1.0,2020-01-01,1255,Terra,MODIS,100,6.0NRT,290.4,22.2,N
34749,-36.789,149.381,311.3,2.1,1.4,2020-01-30,1540,Aqua,MODIS,82,6.0NRT,291.5,33.5,N
27117,-36.742,146.707,316.7,2.3,1.5,2020-01-12,1555,Aqua,MODIS,94,6.0NRT,288.5,52.5,N
13407,-36.937,146.854,377.8,1.1,1.0,2020-01-04,400,Aqua,MODIS,100,6.0NRT,320.5,142.2,D
1317,-14.659,132.149,338.4,1.9,1.3,2020-01-01,515,Aqua,MODIS,84,6.0NRT,302.2,57.2,D
33458,-35.991,149.321,336.1,1.0,1.0,2020-01-29,355,Aqua,MODIS,67,6.0NRT,318.0,17.9,D
13688,-36.441,149.633,369.6,1.0,1.0,2020-01-04,400,Aqua,MODIS,100,6.0NRT,314.3,97.6,D
3630,-35.759,136.692,310.4,1.1,1.1,2020-01-01,1615,Aqua,MODIS,80,6.0NRT,287.4,14.3,N
545,-34.295,149.976,365.4,1.7,1.3,2020-01-01,330,Aqua,MODIS,100,6.0NRT,297.2,199.3,D
11269,-32.734,150.1,348.2,1.5,1.2,2020-01-03,2345,Terra,MODIS,91,6.0NRT,310.9,70.9,D
10642,-37.016,147.389,310.4,1.4,1.2,2020-01-03,1245,Terra,MODIS,80,6.0NRT,292.4,16.3,N
8664,-29.422,152.146,347.0,1.7,1.3,2020-01-03,320,Aqua,MODIS,90,6.0NRT,302.4,96.0,D
19375,-37.431,149.688,346.3,1.0,1.0,2020-01-04,1505,Aqua,MODIS,90,6.0NRT,291.5,50.6,N
25610,-36.272,147.959,326.2,1.0,1.0,2020-01-11,410,Aqua,MODIS,65,6.0NRT,307.7,12.8,D
31854,-37.376,149.309,355.3,1.6,1.3,2020-01-24,335,Aqua,MODIS,98,6.0NRT,292.9,141.4,D
26264,-36.35,148.039,318.7,1.0,1.0,2020-01-11,1510,Aqua,MODIS,97,6.0NRT,287.4,17.8,N
15774,-34.795,150.375,434.4,1.1,1.0,2020-01-04,405,Aqua,MODIS,94,6.0NRT,314.9,561.8,D
10475,-37.358,148.102,303.6,1.3,1.1,2020-01-03,1245,Terra,MODIS,56,6.0NRT,292.0,9.2,N
7764,-37.715,148.995,326.7,1.0,1.0,2020-01-02,1520,Aqua,MODIS,100,6.0NRT,289.8,25.7,N
8567,-35.853,147.652,333.0,3.9,1.8,2020-01-03,320,Aqua,MODIS,82,6.0NRT,305.7,169.0,D
7794,-37.577,147.549,345.0,1.0,1.0,2020-01-02,1520,Aqua,MODIS,100,6.0NRT,292.4,51.6,N
26776,-36.544,148.09,319.2,1.5,1.2,2020-01-12,1240,Terra,MODIS,52,6.0NRT,288.1,31.2,N
16426,-37.649,148.713,313.0,1.9,1.3,2020-01-04,1325,Terra,MODIS,71,6.0NRT,279.1,31.5,N
32650,-36.889,149.478,329.0,1.1,1.1,2020-01-26,2355,Terra,MODIS,59,6.0NRT,297.1,24.8,D
28245,-37.301,149.125,339.2,1.0,1.0,2020-01-13,355,Aqua,MODIS,81,6.0NRT,298.9,32.2,D
25618,-35.989,149.471,332.8,1.1,1.0,2020-01-11,410,Aqua,MODIS,58,6.0NRT,310.2,18.0,D
338,-35.927,147.53,389.3,2.5,1.5,2020-01-01,330,Aqua,MODIS,100,6.0NRT,305.9,700.9,D
13936,-36.475,148.003,333.6,1.0,1.0,2020-01-04,400,Aqua,MODIS,69,6.0NRT,303.9,24.2,D
30398,-37.054,149.593,326.1,1.3,1.1,2020-01-15,345,Aqua,MODIS,81,6.0NRT,299.1,21.3,D
26863,-37.744,149.229,345.3,1.4,1.2,2020-01-12,1240,Terra,MODIS,100,6.0NRT,288.8,85.6,N
6151,-32.306,123.44,355.9,1.3,1.1,2020-01-02,555,Aqua,MODIS,97,6.0NRT,322.2,53.0,D
18566,-37.133,149.434,384.6,1.0,1.0,2020-01-04,1505,Aqua,MODIS,100,6.0NRT,273.4,0.0,N
364,-35.885,147.634,363.0,2.5,1.5,2020-01-01,330,Aqua,MODIS,100,6.0NRT,300.9,315.5,D
32772,-35.719,149.807,357.7,1.1,1.1,2020-01-27,410,Aqua,MODIS,98,6.0NRT,306.0,78.6,D
18410,-37.135,149.795,405.1,1.0,1.0,2020-01-04,1505,Aqua,MODIS,100,6.0NRT,304.7,0.0,N
9907,-32.669,150.155,311.8,1.0,1.0,2020-01-03,1245,Terra,MODIS,79,6.0NRT,299.0,6.9,N
21253,-35.69,137.123,312.0,1.9,1.3,2020-01-06,1315,Terra,MODIS,84,6.0NRT,286.0,33.6,N
9157,-35.977,136.781,404.8,1.1,1.0,2020-01-03,500,Aqua,MODIS,100,6.0NRT,307.8,0.0,D
14433,-35.967,149.358,414.1,1.0,1.0,2020-01-04,400,Aqua,MODIS,100,6.0NRT,329.6,329.3,D
17543,-32.011,151.436,315.6,1.0,1.0,2020-01-04,1505,Aqua,MODIS,90,6.0NRT,294.7,12.4,N
8117,-35.753,136.693,334.4,1.2,1.1,2020-01-03,40,Terra,MODIS,53,6.0NRT,312.8,19.2,D
19194,-37.313,149.221,349.2,1.0,1.0,2020-01-04,1505,Aqua,MODIS,100,6.0NRT,291.3,63.3,N
33346,-32.93,124.297,348.6,2.1,1.4,2020-01-29,120,Terra,MODIS,92,6.0NRT,316.0,117.7,D
11055,-37.084,147.048,322.4,3.0,1.7,2020-01-03,1600,Aqua,MODIS,66,6.0NRT,293.3,81.2,N
23958,-35.943,137.174,326.4,4.2,1.9,2020-01-09,145,Terra,MODIS,62,6.0NRT,308.9,77.2,D
7335,-35.913,148.392,304.8,1.0,1.0,2020-01-02,1515,Aqua,MODIS,62,6.0NRT,285.4,8.5,N
14327,-35.977,149.657,337.2,1.0,1.0,2020-01-04,400,Aqua,MODIS,83,6.0NRT,312.7,23.8,D
30025,-26.479,150.777,344.8,1.2,1.1,2020-01-14,1230,Terra,MODIS,100,6.0NRT,296.8,65.2,N
22171,-32.654,122.015,368.9,1.9,1.3,2020-01-07,615,Aqua,MODIS,100,6.0NRT,321.5,219.6,D
21941,-18.203,144.072,337.7,2.6,1.5,2020-01-07,440,Aqua,MODIS,84,6.0NRT,302.9,81.5,D
21,-14.475,143.591,321.7,1.0,1.0,2020-01-01,50,Terra,MODIS,57,6.0NRT,299.0,7.6,D
24779,-20.466,148.278,326.8,1.8,1.3,2020-01-10,330,Aqua,MODIS,64,6.0NRT,297.7,35.1,D
20279,-25.442,149.165,314.2,1.2,1.1,2020-01-05,1235,Terra,MODIS,87,6.0NRT,298.6,12.7,N
34225,-37.503,148.084,335.1,2.2,1.4,2020-01-30,440,Aqua,MODIS,82,6.0NRT,310.6,62.2,D
1350,-35.015,150.498,323.9,1.1,1.0,2020-01-01,1255,Terra,MODIS,100,6.0NRT,289.1,25.4,N
15016,-35.833,148.644,335.3,1.0,1.0,2020-01-04,400,Aqua,MODIS,75,6.0NRT,299.1,26.6,D
26021,-32.677,122.129,377.4,1.0,1.0,2020-01-11,550,Aqua,MODIS,100,6.0NRT,322.3,121.5,D
26215,-35.949,148.912,304.7,1.0,1.0,2020-01-11,1510,Aqua,MODIS,61,6.0NRT,281.6,10.1,N
13243,-36.993,147.42,363.4,1.0,1.0,2020-01-04,400,Aqua,MODIS,100,6.0NRT,317.1,83.3,D
17402,-30.426,151.036,326.4,1.0,1.0,2020-01-04,1505,Aqua,MODIS,100,6.0NRT,297.7,24.5,N
11256,-32.658,150.127,331.5,1.5,1.2,2020-01-03,2345,Terra,MODIS,60,6.0NRT,310.6,23.8,D
32222,-36.496,149.488,308.4,1.2,1.1,2020-01-25,1525,Aqua,MODIS,74,6.0NRT,288.6,13.9,N
17645,-32.604,150.69,331.0,1.0,1.0,2020-01-04,1505,Aqua,MODIS,100,6.0NRT,299.1,27.4,N
2108,-37.43,148.513,320.1,1.0,1.0,2020-01-01,1255,Terra,MODIS,100,6.0NRT,286.5,18.9,N
12447,-37.411,149.619,358.2,1.0,1.0,2020-01-04,400,Aqua,MODIS,77,6.0NRT,281.1,70.4,D
11091,-37.565,147.53,358.8,1.7,1.3,2020-01-03,2345,Terra,MODIS,99,6.0NRT,311.3,148.8,D
14568,-36.009,148.443,382.1,1.0,1.0,2020-01-04,400,Aqua,MODIS,100,6.0NRT,301.8,0.0,D
29059,-37.335,149.47,317.6,1.1,1.1,2020-01-13,1500,Aqua,MODIS,95,6.0NRT,290.0,17.6,N
28758,-37.392,147.473,304.1,1.3,1.2,2020-01-13,1320,Terra,MODIS,58,6.0NRT,287.7,10.1,N
16085,-31.507,151.236,440.9,1.3,1.1,2020-01-04,405,Aqua,MODIS,100,6.0NRT,321.1,846.8,D
3152,-31.818,121.479,313.2,1.0,1.0,2020-01-01,1435,Terra,MODIS,84,6.0NRT,300.1,8.3,N
24919,-25.148,152.254,324.9,1.5,1.2,2020-01-10,1255,Terra,MODIS,100,6.0NRT,285.1,46.3,N
13182,-37.028,147.423,375.9,1.0,1.0,2020-01-04,400,Aqua,MODIS,100,6.0NRT,320.9,124.3,D
793,-20.709,148.69,341.9,1.3,1.1,2020-01-01,335,Aqua,MODIS,87,6.0NRT,304.3,54.7,D
13940,-36.509,147.753,393.3,1.0,1.0,2020-01-04,400,Aqua,MODIS,100,6.0NRT,332.9,206.9,D
3603,-28.003,131.471,309.7,1.5,1.2,2020-01-01,1610,Aqua,MODIS,78,6.0NRT,294.8,16.2,N
446,-34.987,150.552,322.9,1.6,1.2,2020-01-01,330,Aqua,MODIS,60,6.0NRT,294.4,27.3,D
22023,-32.76,124.1,358.6,2.6,1.5,2020-01-07,615,Aqua,MODIS,99,6.0NRT,318.7,227.3,D
32047,-30.85,146.126,342.9,1.5,1.2,2020-01-25,5,Terra,MODIS,87,6.0NRT,308.6,54.6,D
8849,-33.284,136.913,342.4,1.2,1.1,2020-01-03,500,Aqua,MODIS,54,6.0NRT,326.2,15.3,D
28014,-35.94,149.485,332.7,1.0,1.0,2020-01-13,355,Aqua,MODIS,81,6.0NRT,301.8,22.6,D
11817,-37.048,148.158,390.8,1.6,1.2,2020-01-03,2345,Terra,MODIS,100,6.0NRT,310.5,362.5,D
7304,-35.769,148.03,306.2,1.0,1.0,2020-01-02,1515,Aqua,MODIS,64,6.0NRT,289.4,8.2,N
19672,-37.702,149.128,352.4,1.0,1.0,2020-01-04,1505,Aqua,MODIS,100,6.0NRT,291.4,69.1,N
13248,-37.008,147.303,381.7,1.0,1.0,2020-01-04,400,Aqua,MODIS,100,6.0NRT,313.4,154.2,D
2616,-35.884,148.133,317.0,1.0,1.0,2020-01-01,1255,Terra,MODIS,84,6.0NRT,291.5,15.0,N
1919,-37.556,148.659,334.8,1.0,1.0,2020-01-01,1255,Terra,MODIS,100,6.0NRT,290.5,32.4,N
22458,-32.656,122.0,311.5,3.4,1.7,2020-01-07,1400,Terra,MODIS,75,6.0NRT,296.4,35.4,N
9016,-35.82,136.668,380.4,1.1,1.0,2020-01-03,500,Aqua,MODIS,100,6.0NRT,319.1,141.2,D
4485,-34.292,149.953,411.6,1.4,1.2,2020-01-02,415,Aqua,MODIS,100,6.0NRT,308.9,547.8,D
7564,-37.562,149.222,309.4,1.1,1.0,2020-01-02,1520,Aqua,MODIS,77,6.0NRT,286.4,11.4,N
18383,-37.118,149.752,431.1,1.0,1.0,2020-01-04,1505,Aqua,MODIS,100,6.0NRT,294.5,503.7,N
1449,-32.606,150.242,323.8,1.1,1.1,2020-01-01,1255,Terra,MODIS,100,6.0NRT,292.9,21.9,N
26949,-37.318,149.793,318.7,1.3,1.1,2020-01-12,1240,Terra,MODIS,97,6.0NRT,285.8,25.7,N
5980,-32.406,123.584,339.2,1.3,1.1,2020-01-02,555,Aqua,MODIS,57,6.0NRT,311.7,27.6,D
32828,-32.716,122.157,426.5,1.0,1.0,2020-01-27,550,Aqua,MODIS,98,6.0NRT,340.8,396.0,D
20078,-19.775,143.699,341.6,3.8,1.8,2020-01-05,450,Aqua,MODIS,84,6.0NRT,306.4,213.2,D
27801,-37.081,149.402,325.9,1.0,1.0,2020-01-13,355,Aqua,MODIS,61,6.0NRT,295.6,18.4,D
19000,-37.338,149.8,373.5,1.0,1.0,2020-01-04,1505,Aqua,MODIS,100,6.0NRT,293.5,0.0,N
24365,-35.748,137.385,368.8,1.0,1.0,2020-01-09,1345,Terra,MODIS,100,6.0NRT,268.1,0.0,N
20280,-25.426,149.211,331.4,1.2,1.1,2020-01-05,1235,Terra,MODIS,100,6.0NRT,299.7,34.3,N
7888,-36.907,146.773,307.9,1.0,1.0,2020-01-02,1520,Aqua,MODIS,71,6.0NRT,288.9,8.9,N
21074,-32.618,122.299,373.8,1.3,1.1,2020-01-06,530,Aqua,MODIS,100,6.0NRT,322.9,157.7,D
9028,-35.816,136.631,375.6,1.1,1.0,2020-01-03,500,Aqua,MODIS,100,6.0NRT,318.1,124.8,D
12796,-37.075,148.244,361.2,1.0,1.0,2020-01-04,400,Aqua,MODIS,100,6.0NRT,310.4,80.0,D
30997,-18.441,145.387,314.6,1.0,1.0,2020-01-17,1300,Terra,MODIS,88,6.0NRT,295.9,10.8,N
225,-31.83,121.523,346.0,2.3,1.5,2020-01-01,230,Terra,MODIS,90,6.0NRT,311.3,129.5,D
12298,-37.437,147.537,321.5,1.7,1.3,2020-01-03,2345,Terra,MODIS,59,6.0NRT,307.3,15.0,D
9186,-35.971,136.725,406.7,1.1,1.0,2020-01-03,500,Aqua,MODIS,100,6.0NRT,325.3,0.0,D
11417,-35.306,150.046,343.8,1.3,1.1,2020-01-03,2345,Terra,MODIS,87,6.0NRT,314.2,48.5,D
16308,-34.693,150.212,340.2,2.8,1.6,2020-01-04,1325,Terra,MODIS,100,6.0NRT,288.5,186.9,N
10474,-37.286,148.742,320.3,1.2,1.1,2020-01-03,1245,Terra,MODIS,100,6.0NRT,295.2,22.8,N
12658,-37.182,148.133,374.4,1.0,1.0,2020-01-04,400,Aqua,MODIS,100,6.0NRT,303.4,125.1,D
33535,-35.648,148.954,353.3,1.0,1.0,2020-01-29,355,Aqua,MODIS,96,6.0NRT,301.4,58.5,D
33403,-36.761,149.404,332.1,1.0,1.0,2020-01-29,355,Aqua,MODIS,80,6.0NRT,300.8,23.3,D
13872,-36.485,148.185,352.5,1.0,1.0,2020-01-04,400,Aqua,MODIS,96,6.0NRT,305.4,60.9,D
2704,-35.736,148.273,317.1,1.0,1.0,2020-01-01,1255,Terra,MODIS,55,6.0NRT,285.6,15.7,N
22412,-32.787,123.993,321.3,2.5,1.5,2020-01-07,1400,Terra,MODIS,100,6.0NRT,295.7,64.4,N
31609,-32.002,149.074,322.9,1.8,1.3,2020-01-22,1450,Aqua,MODIS,100,6.0NRT,297.4,45.1,N
13312,-37.0,146.921,391.0,1.1,1.0,2020-01-04,400,Aqua,MODIS,100,6.0NRT,296.2,208.5,D
29216,-37.727,149.106,355.7,1.1,1.1,2020-01-13,1500,Aqua,MODIS,100,6.0NRT,297.5,90.2,N
17789,-33.848,150.443,343.5,1.0,1.0,2020-01-04,1505,Aqua,MODIS,100,6.0NRT,290.3,49.4,N
18005,-34.69,150.336,359.4,1.0,1.0,2020-01-04,1505,Aqua,MODIS,100,6.0NRT,290.8,82.4,N
12070,-37.466,149.163,351.6,1.4,1.2,2020-01-03,2345,Terra,MODIS,95,6.0NRT,311.2,84.5,D
34791,-37.252,149.075,351.5,2.1,1.4,2020-01-30,1540,Aqua,MODIS,100,6.0NRT,299.4,184.1,N
3726,-36.065,149.79,328.2,1.0,1.0,2020-01-02,0,Terra,MODIS,82,6.0NRT,294.7,23.8,D
19876,-30.451,151.339,362.1,1.9,1.3,2020-01-05,30,Terra,MODIS,100,6.0NRT,309.1,184.4,D
33554,-35.613,148.866,372.8,1.0,1.0,2020-01-29,355,Aqua,MODIS,94,6.0NRT,298.9,118.6,D
12623,-37.158,148.427,492.4,1.0,1.0,2020-01-04,400,Aqua,MODIS,100,6.0NRT,308.6,1433.8,D
28962,-37.243,150.023,419.5,1.1,1.0,2020-01-13,1500,Aqua,MODIS,100,6.0NRT,308.3,438.2,N
24361,-35.693,137.389,356.9,1.0,1.0,2020-01-09,1345,Terra,MODIS,100,6.0NRT,269.3,0.0,N
32283,-36.201,149.41,323.1,3.4,1.7,2020-01-26,50,Terra,MODIS,66,6.0NRT,306.4,55.8,D
33054,-32.795,122.158,347.0,3.8,1.8,2020-01-28,630,Aqua,MODIS,69,6.0NRT,321.7,206.2,D
601,-36.24,147.695,333.9,2.5,1.5,2020-01-01,330,Aqua,MODIS,59,6.0NRT,308.3,68.3,D
17747,-32.701,150.081,333.2,1.1,1.0,2020-01-04,1505,Aqua,MODIS,100,6.0NRT,300.8,31.9,N
10079,-29.075,150.791,325.2,1.0,1.0,2020-01-03,1245,Terra,MODIS,100,6.0NRT,298.5,19.6,N
32360,-36.744,149.405,401.3,2.4,1.5,2020-01-26,325,Aqua,MODIS,100,6.0NRT,309.2,918.8,D
10433,-37.433,148.509,317.0,1.2,1.1,2020-01-03,1245,Terra,MODIS,94,6.0NRT,293.4,20.7,N
30410,-36.474,149.984,395.2,1.2,1.1,2020-01-15,345,Aqua,MODIS,100,6.0NRT,299.9,289.7,D
17114,-35.894,147.858,327.6,1.9,1.3,2020-01-04,1325,Terra,MODIS,69,6.0NRT,277.8,60.0,N
14414,-35.86,150.12,333.6,1.0,1.0,2020-01-04,400,Aqua,MODIS,78,6.0NRT,299.1,24.3,D
33443,-36.045,149.466,337.1,1.0,1.0,2020-01-29,355,Aqua,MODIS,84,6.0NRT,301.4,29.5,D
18465,-37.158,149.831,343.9,1.0,1.0,2020-01-04,1505,Aqua,MODIS,100,6.0NRT,292.4,0.0,N
21391,-41.611,147.833,306.8,1.3,1.1,2020-01-06,1455,Aqua,MODIS,54,6.0NRT,283.4,14.3,N
20885,-32.224,123.305,342.4,1.1,1.1,2020-01-06,530,Aqua,MODIS,63,6.0NRT,327.1,21.7,D
984,-30.941,123.554,417.1,2.0,1.4,2020-01-01,510,Aqua,MODIS,100,6.0NRT,325.9,931.2,D
13977,-36.763,145.598,392.1,1.2,1.1,2020-01-04,400,Aqua,MODIS,100,6.0NRT,323.4,243.0,D
14152,-36.115,149.473,376.9,1.0,1.0,2020-01-04,400,Aqua,MODIS,100,6.0NRT,313.8,125.8,D
16577,-37.208,149.975,369.3,2.3,1.5,2020-01-04,1325,Terra,MODIS,100,6.0NRT,284.6,0.0,N
19012,-37.253,149.2,399.7,1.0,1.0,2020-01-04,1505,Aqua,MODIS,100,6.0NRT,294.7,262.8,N
32766,-35.903,148.859,352.0,1.1,1.0,2020-01-27,410,Aqua,MODIS,93,6.0NRT,317.0,47.9,D
13971,-36.493,147.738,422.2,1.0,1.0,2020-01-04,400,Aqua,MODIS,84,6.0NRT,400.1,411.1,D
1008,-30.894,123.501,347.0,2.0,1.4,2020-01-01,510,Aqua,MODIS,79,6.0NRT,317.7,84.4,D
5880,-32.442,123.598,390.3,1.3,1.1,2020-01-02,555,Aqua,MODIS,100,6.0NRT,318.9,253.0,D
22021,-32.785,124.051,388.2,2.5,1.5,2020-01-07,615,Aqua,MODIS,100,6.0NRT,320.0,666.9,D
5243,-35.9,147.67,341.6,1.1,1.0,2020-01-02,415,Aqua,MODIS,88,6.0NRT,301.3,42.2,D
31737,-36.185,149.403,305.8,2.4,1.5,2020-01-23,1220,Terra,MODIS,66,6.0NRT,285.4,31.0,N
21922,-35.712,137.274,375.3,1.2,1.1,2020-01-07,435,Aqua,MODIS,100,6.0NRT,308.1,161.0,D
9899,-32.697,150.083,327.6,1.0,1.0,2020-01-03,1245,Terra,MODIS,100,6.0NRT,298.6,22.0,N
277,-31.987,121.524,335.7,2.3,1.5,2020-01-01,230,Terra,MODIS,80,6.0NRT,312.7,62.0,D
3024,-32.519,121.939,361.8,1.0,1.0,2020-01-01,1435,Terra,MODIS,100,6.0NRT,305.2,91.6,N
30798,-16.81,137.171,339.4,1.0,1.0,2020-01-16,430,Aqua,MODIS,69,6.0NRT,314.5,11.8,D
20473,-31.07,123.826,304.1,1.5,1.2,2020-01-05,1410,Terra,MODIS,58,6.0NRT,291.9,12.0,N
27307,-16.224,143.968,326.3,2.8,1.6,2020-01-13,115,Terra,MODIS,72,6.0NRT,296.4,57.0,D
20494,-24.88,147.764,303.2,1.5,1.2,2020-01-05,1545,Aqua,MODIS,54,6.0NRT,292.8,8.6,N
6271,-31.027,123.75,357.2,1.4,1.2,2020-01-02,555,Aqua,MODIS,98,6.0NRT,304.4,93.6,D
9659,-35.787,148.023,321.8,1.3,1.1,2020-01-03,1245,Terra,MODIS,100,6.0NRT,294.0,26.8,N
16021,-32.576,150.39,340.1,1.1,1.1,2020-01-04,405,Aqua,MODIS,61,6.0NRT,314.1,23.5,D
3213,-32.538,121.932,342.2,1.0,1.0,2020-01-01,1435,Terra,MODIS,100,6.0NRT,303.1,47.1,N
13609,-36.899,146.651,459.4,1.1,1.0,2020-01-04,400,Aqua,MODIS,100,6.0NRT,338.7,930.6,D
24910,-32.711,150.047,304.7,1.0,1.0,2020-01-10,1250,Terra,MODIS,61,6.0NRT,274.8,6.3,N
28768,-16.772,129.692,331.8,2.8,1.6,2020-01-13,1325,Terra,MODIS,100,6.0NRT,289.9,126.3,N
17496,-31.511,151.242,321.5,1.0,1.0,2020-01-04,1505,Aqua,MODIS,100,6.0NRT,296.4,17.2,N
30767,-36.335,147.701,341.7,1.5,1.2,2020-01-16,425,Aqua,MODIS,88,6.0NRT,306.5,62.8,D
27642,-37.32,149.386,360.5,1.0,1.0,2020-01-13,355,Aqua,MODIS,100,6.0NRT,299.7,82.7,D
12808,-37.23,147.078,395.0,1.1,1.0,2020-01-04,400,Aqua,MODIS,100,6.0NRT,297.0,0.0,D
27052,-33.127,122.133,313.8,1.6,1.3,2020-01-12,1420,Terra,MODIS,88,6.0NRT,292.8,24.6,N
12662,-37.139,148.381,372.0,1.0,1.0,2020-01-04,400,Aqua,MODIS,100,6.0NRT,301.5,110.8,D
33560,-35.572,148.892,400.8,1.0,1.0,2020-01-29,355,Aqua,MODIS,100,6.0NRT,309.6,258.2,D
16047,-32.207,151.347,347.9,1.3,1.1,2020-01-04,405,Aqua,MODIS,81,6.0NRT,312.5,52.6,D
12686,-37.132,148.298,335.0,1.0,1.0,2020-01-04,400,Aqua,MODIS,75,6.0NRT,299.9,21.7,D
24055,-41.746,148.011,340.1,1.1,1.0,2020-01-09,420,Aqua,MODIS,89,6.0NRT,299.6,40.4,D
18567,-37.135,149.446,472.4,1.0,1.0,2020-01-04,1505,Aqua,MODIS,100,6.0NRT,307.0,0.0,N
34505,-36.348,149.546,326.9,1.9,1.3,2020-01-30,1225,Terra,MODIS,100,6.0NRT,293.2,61.5,N
12092,-37.507,149.263,344.2,1.3,1.1,2020-01-03,2345,Terra,MODIS,91,6.0NRT,308.7,63.9,D
11286,-33.901,150.43,345.1,1.4,1.2,2020-01-03,2345,Terra,MODIS,89,6.0NRT,307.8,56.3,D
1368,-35.276,147.882,313.8,1.0,1.0,2020-01-01,1255,Terra,MODIS,88,6.0NRT,294.7,11.9,N
474,-32.684,150.855,339.5,1.4,1.2,2020-01-01,330,Aqua,MODIS,84,6.0NRT,306.6,47.0,D
6250,-31.035,123.827,333.7,1.4,1.2,2020-01-02,555,Aqua,MODIS,65,6.0NRT,305.5,23.5,D
1790,-37.583,148.935,350.3,1.0,1.0,2020-01-01,1255,Terra,MODIS,100,6.0NRT,292.7,61.6,N
17104,-35.917,147.931,367.5,1.9,1.3,2020-01-04,1325,Terra,MODIS,100,6.0NRT,290.9,265.1,N
21909,-35.798,136.874,373.0,1.3,1.1,2020-01-07,435,Aqua,MODIS,100,6.0NRT,309.6,156.8,D
6994,-36.556,149.865,311.9,1.1,1.0,2020-01-02,1515,Aqua,MODIS,69,6.0NRT,287.9,12.7,N
19348,-37.434,149.77,346.7,1.0,1.0,2020-01-04,1505,Aqua,MODIS,100,6.0NRT,283.4,53.0,N
25240,-37.397,149.398,320.3,1.1,1.0,2020-01-11,410,Aqua,MODIS,62,6.0NRT,292.4,15.1,D
481,-32.709,150.92,340.9,1.4,1.2,2020-01-01,330,Aqua,MODIS,86,6.0NRT,306.2,50.1,D
12219,-37.358,147.67,339.5,1.6,1.3,2020-01-03,2345,Terra,MODIS,74,6.0NRT,307.1,58.6,D
4324,-32.402,123.185,348.0,1.3,1.1,2020-01-02,135,Terra,MODIS,81,6.0NRT,291.5,69.9,D
17035,-36.375,147.785,359.7,1.8,1.3,2020-01-04,1325,Terra,MODIS,100,6.0NRT,296.5,193.8,N
15370,-35.472,148.074,436.2,1.0,1.0,2020-01-04,400,Aqua,MODIS,100,6.0NRT,339.4,516.6,D
27781,-37.063,149.598,328.8,1.0,1.0,2020-01-13,355,Aqua,MODIS,81,6.0NRT,301.4,18.7,D
4054,-35.672,148.218,337.5,1.2,1.1,2020-01-02,0,Terra,MODIS,84,6.0NRT,297.9,42.8,D
30623,-37.158,147.5,328.5,1.0,1.0,2020-01-16,10,Terra,MODIS,74,6.0NRT,294.9,20.3,D
11255,-32.65,150.146,330.8,1.5,1.2,2020-01-03,2345,Terra,MODIS,51,6.0NRT,308.9,26.2,D
34811,-35.519,148.983,318.4,2.0,1.4,2020-01-30,1540,Aqua,MODIS,97,6.0NRT,294.8,41.8,N
2414,-36.408,147.928,341.0,1.0,1.0,2020-01-01,1255,Terra,MODIS,100,6.0NRT,292.0,46.6,N
2682,-35.876,147.582,319.0,1.0,1.0,2020-01-01,1255,Terra,MODIS,98,6.0NRT,291.5,17.0,N
26981,-37.227,149.888,320.7,1.3,1.1,2020-01-12,1240,Terra,MODIS,100,6.0NRT,286.2,28.2,N
21231,-32.236,123.369,367.9,1.1,1.1,2020-01-06,530,Aqua,MODIS,83,6.0NRT,330.3,102.4,D
13141,-37.071,147.237,410.1,1.1,1.0,2020-01-04,400,Aqua,MODIS,100,6.0NRT,332.4,327.1,D
25056,-37.09,149.446,333.6,1.1,1.1,2020-01-10,2355,Terra,MODIS,67,6.0NRT,294.2,34.8,D
23167,-32.721,122.327,369.1,3.4,1.7,2020-01-08,240,Terra,MODIS,100,6.0NRT,308.5,581.4,D
31885,-36.763,149.456,320.4,1.6,1.2,2020-01-24,340,Aqua,MODIS,71,6.0NRT,291.6,29.6,D
2182,-37.363,147.644,307.8,1.0,1.0,2020-01-01,1255,Terra,MODIS,73,6.0NRT,283.4,10.6,N
21147,-32.447,123.142,406.1,1.2,1.1,2020-01-06,530,Aqua,MODIS,100,6.0NRT,330.8,339.3,D
129,-35.77,141.337,411.8,1.3,1.1,2020-01-01,55,Terra,MODIS,100,6.0NRT,318.8,468.4,D
4779,-37.681,147.619,348.7,1.0,1.0,2020-01-02,415,Aqua,MODIS,94,6.0NRT,300.7,53.5,D
